,0
0,aalii
1,abaca
2,aback
3,abaff
4,abaft
5,abase
6,abash
7,abask
8,abate
9,abave
10,abaze
11,abbas
12,abbey
13,abbot
14,abdal
15,abdat
16,abeam
17,abear
18,abele
19,abhor
20,abide
21,abidi
22,abilo
23,abkar
24,abler
25,ablow
26,abmho
27,abnet
28,abode
29,abody
30,abohm
31,aboil
32,aboma
33,aboon
34,abord
35,abort
36,about
37,above
38,abret
39,abrim
40,abrin
41,absit
42,abuna
43,abura
44,abuse
45,abuzz
46,abwab
47,abysm
48,abyss
49,acana
50,acapu
51,acara
52,acari
53,acate
54,accoy
55,acedy
56,acerb
57,achar
58,acher
59,achor
60,acier
61,acker
62,ackey
63,aclys
64,acmic
65,acock
66,acoin
67,acold
68,acoma
69,acone
70,acorn
71,acred
72,acrid
73,acron
74,acryl
75,actin
76,acton
77,actor
78,acute
79,adage
80,adapt
81,adati
82,adawe
83,adawn
84,adays
85,addax
86,added
87,adder
88,addle
89,adead
90,adeem
91,adeep
92,adept
93,adfix
94,adieu
95,adion
96,adjag
97,adlay
98,adlet
99,adman
100,admit
101,admix
102,adnex
103,adobe
104,adopt
105,adore
106,adorn
107,adown
108,adoxy
109,adoze
110,adpao
111,adrip
112,adrop
113,adrue
114,adult
115,adunc
116,adusk
117,adust
118,adyta
119,adzer
120,aegis
121,aeric
122,aerie
123,aevia
124,aface
125,afara
126,afear
127,affix
128,afire
129,aflat
130,aflow
131,afoam
132,afoot
133,afore
134,afoul
135,afret
136,after
137,again
138,agama
139,agami
140,agamy
141,agape
142,agasp
143,agate
144,agaty
145,agaze
146,agent
147,agger
148,aggry
149,aggur
150,agile
151,aging
152,agist
153,aglet
154,agley
155,aglow
156,agnel
157,agnus
158,agoge
159,agoho
160,agone
161,agony
162,agora
163,agrah
164,agral
165,agree
166,agria
167,agrin
168,agrom
169,agsam
170,aguey
171,agush
172,agust
173,ahead
174,aheap
175,ahind
176,ahint
177,ahong
178,ahsan
179,ahull
180,ahunt
181,ahura
182,ahush
183,ahwal
184,aider
185,aillt
186,aimer
187,ainoi
188,airan
189,airer
190,aisle
191,aitch
192,aiwan
193,aizle
194,ajaja
195,ajari
196,ajava
197,ajhar
198,akala
199,akasa
200,akebi
201,akeki
202,aknee
203,akpek
204,akule
205,akund
206,alack
207,alada
208,alala
209,alamo
210,aland
211,alani
212,alarm
213,alary
214,alate
215,alban
216,albee
217,album
218,albus
219,alder
220,aldim
221,aldol
222,aleak
223,aleft
224,aleph
225,alert
226,alfet
227,algae
228,algal
229,algic
230,algid
231,algin
232,algor
233,algum
234,alias
235,alibi
236,alien
237,align
238,alike
239,alima
240,alish
241,aliso
242,alisp
243,alist
244,alite
245,alive
246,alkyd
247,alkyl
248,allan
249,allay
250,aller
251,alley
252,allot
253,allow
254,alloy
255,allyl
256,almon
257,almud
258,almug
259,alody
260,aloed
261,aloft
262,alogy
263,aloid
264,aloin
265,aloma
266,alone
267,along
268,aloof
269,alose
270,aloud
271,alowe
272,alpha
273,altar
274,alter
275,altho
276,altin
277,altun
278,alula
279,alure
280,aluta
281,alvar
282,alvus
283,alway
284,amaas
285,amaga
286,amain
287,amala
288,amang
289,amani
290,amapa
291,amass
292,amaze
293,amban
294,ambar
295,ambay
296,amber
297,ambit
298,amble
299,ambon
300,ambos
301,ambry
302,ameed
303,ameen
304,amelu
305,amend
306,amene
307,ament
308,amhar
309,amice
310,amide
311,amido
312,amine
313,amini
314,amino
315,amiss
316,amity
317,amman
318,ammer
319,amnia
320,amnic
321,amoke
322,amole
323,among
324,amort
325,amour
326,amove
327,amper
328,ample
329,amply
330,ampul
331,ampyx
332,amsel
333,amuck
334,amula
335,amuse
336,amuze
337,amvis
338,amylo
339,anabo
340,anama
341,anana
342,ancon
343,anear
344,anele
345,anend
346,anent
347,angel
348,anger
349,angle
350,angor
351,angry
352,angst
353,anigh
354,anile
355,anima
356,anime
357,animi
358,anion
359,anise
360,anjan
361,ankee
362,anker
363,ankle
364,ankus
365,annal
366,annat
367,annet
368,annex
369,annoy
370,annul
371,anode
372,anoil
373,anole
374,anoli
375,anomy
376,ansar
377,antal
378,antes
379,antic
380,antra
381,antre
382,anury
383,anvil
384,aorta
385,apace
386,apaid
387,apart
388,apeak
389,apert
390,apery
391,aphid
392,apian
393,apiin
394,aping
395,apish
396,apism
397,apnea
398,apoop
399,aport
400,apout
401,appay
402,appet
403,apple
404,apply
405,apron
406,apsis
407,aptly
408,araba
409,araca
410,arado
411,arain
412,arake
413,arara
414,arati
415,arbor
416,arche
417,archy
418,ardeb
419,ardor
420,ardri
421,aread
422,areal
423,arear
424,areek
425,areel
426,arena
427,arend
428,areng
429,arent
430,arete
431,argal
432,argel
433,argil
434,argol
435,argon
436,argot
437,argue
438,arhar
439,arhat
440,ariel
441,ariot
442,arise
443,arist
444,arite
445,arjun
446,arles
447,armed
448,armer
449,armet
450,armil
451,armor
452,arnee
453,arnut
454,aroar
455,arock
456,aroid
457,aroma
458,aroon
459,arose
460,arpen
461,arrah
462,arras
463,arrau
464,array
465,arrie
466,arris
467,arrow
468,arses
469,arsis
470,arsle
471,arson
472,arsyl
473,artal
474,artar
475,artel
476,artha
477,aruke
478,arupa
479,arusa
480,arval
481,arvel
482,arzan
483,arzun
484,asale
485,asana
486,ascan
487,ascii
488,ascon
489,ascot
490,ascry
491,ascus
492,asdic
493,ashen
494,ashes
495,ashet
496,ashur
497,aside
498,askar
499,asker
500,askew
501,askip
502,askos
503,aslop
504,asoak
505,asoka
506,aspen
507,asper
508,aspic
509,assai
510,assay
511,asset
512,assis
513,astay
514,aster
515,astir
516,astor
517,asway
518,aswim
519,asyla
520,atavi
521,ataxy
522,atelo
523,athar
524,atilt
525,atlas
526,atlee
527,atman
528,atmid
529,atmos
530,atoke
531,atoll
532,atomy
533,atone
534,atony
535,atopy
536,atour
537,atria
538,atrip
539,attar
540,atter
541,attic
542,attid
543,atule
544,atune
545,atwin
546,atypy
547,audio
548,audit
549,augen
550,auger
551,aught
552,augur
553,aulae
554,aulic
555,auloi
556,aulos
557,aumil
558,aurae
559,aural
560,aurar
561,auric
562,aurin
563,aurir
564,aurum
565,auryl
566,autem
567,auxin
568,avahi
569,avail
570,avast
571,avens
572,avera
573,avert
574,avian
575,avick
576,avine
577,aviso
578,avoid
579,awabi
580,awaft
581,await
582,awake
583,awald
584,awalt
585,awane
586,award
587,aware
588,awash
589,awave
590,awber
591,aweek
592,aweel
593,awest
594,aweto
595,awful
596,awhet
597,awhir
598,awide
599,awing
600,awink
601,awiwi
602,awned
603,awner
604,awoke
605,awork
606,axial
607,axile
608,axine
609,axiom
610,axion
611,axite
612,axled
613,axman
614,axoid
615,ayelp
616,aylet
617,ayllu
618,ayond
619,ayont
620,ayous
621,azide
622,azine
623,azoch
624,azofy
625,azoic
626,azole
627,azote
628,azoth
629,azoxy
630,azure
631,azury
632,azyme
633,babai
634,babby
635,baboo
636,babul
637,bacao
638,bacca
639,bache
640,bacon
641,badan
642,badge
643,badly
644,baffy
645,bafta
646,bagel
647,baggy
648,bagre
649,bahan
650,bahar
651,bahay
652,bahoe
653,bahoo
654,bahur
655,bahut
656,baioc
657,bairn
658,baith
659,baize
660,bajan
661,bajra
662,bajri
663,bakal
664,baked
665,baken
666,baker
667,bakie
668,bakli
669,balai
670,balao
671,balas
672,baldy
673,balei
674,baler
675,balky
676,balli
677,bally
678,balmy
679,baloo
680,balow
681,balsa
682,balut
683,balza
684,banak
685,banal
686,banat
687,banca
688,banco
689,banda
690,bande
691,bandi
692,bando
693,bandy
694,banga
695,bange
696,banig
697,banjo
698,banky
699,banns
700,banty
701,banya
702,barad
703,barbe
704,bardo
705,bardy
706,barer
707,barff
708,barge
709,bargh
710,baria
711,baric
712,barid
713,barie
714,baris
715,barit
716,barky
717,barmy
718,barny
719,baroi
720,baron
721,barra
722,barry
723,barse
724,barth
725,barye
726,basal
727,based
728,bases
729,basic
730,basil
731,basin
732,basis
733,bason
734,basos
735,basso
736,basta
737,baste
738,basto
739,batad
740,batch
741,batea
742,bated
743,batel
744,bater
745,bathe
746,batik
747,baton
748,batta
749,batty
750,bauch
751,bauno
752,bauta
753,bavin
754,bayal
755,bayed
756,bayok
757,bayou
758,bazoo
759,beach
760,beady
761,beaky
762,beala
763,beamy
764,beano
765,beant
766,beany
767,beard
768,bearm
769,beast
770,beata
771,beath
772,beaux
773,bebar
774,bebat
775,bebay
776,bebed
777,bebog
778,bebop
779,becap
780,becry
781,becut
782,bedad
783,beday
784,bedel
785,beden
786,bedew
787,bedim
788,bedin
789,bedip
790,bedog
791,bedot
792,bedub
793,bedur
794,bedye
795,beech
796,beefy
797,beery
798,beest
799,beeth
800,beety
801,beeve
802,befan
803,befit
804,befog
805,befop
806,begad
807,begar
808,begat
809,begay
810,begem
811,beget
812,begin
813,begob
814,begum
815,begun
816,begut
817,behap
818,behen
819,beice
820,beige
821,being
822,beira
823,beisa
824,bejan
825,bejel
826,bejig
827,bekah
828,bekko
829,belah
830,belam
831,belar
832,belay
833,belch
834,belee
835,belga
836,belie
837,belle
838,belly
839,below
840,belve
841,bemad
842,beman
843,bemar
844,bemat
845,bemix
846,bemud
847,benab
848,bench
849,benda
850,bendy
851,benet
852,benjy
853,benne
854,benny
855,bensh
856,benty
857,benzo
858,beode
859,bepat
860,bepaw
861,bepen
862,bepun
863,berat
864,beray
865,beret
866,bergy
867,berne
868,berri
869,berry
870,berth
871,beryl
872,besan
873,besee
874,beset
875,besin
876,besit
877,besom
878,besot
879,bespy
880,besra
881,betag
882,betel
883,betis
884,betso
885,betty
886,bevel
887,bever
888,bevue
889,bewet
890,bewig
891,bezel
892,bezzi
893,bezzo
894,bhalu
895,bhang
896,bhara
897,bhava
898,biabo
899,bichy
900,bidar
901,biddy
902,bider
903,bidet
904,bidri
905,bield
906,bifer
907,bifid
908,bigha
909,bight
910,bigot
911,bijou
912,bilbo
913,bilby
914,bilch
915,bilge
916,bilgy
917,bilic
918,bilio
919,billa
920,billy
921,bilsh
922,binal
923,binge
924,bingo
925,bingy
926,binna
927,biome
928,biose
929,biota
930,biped
931,bipod
932,birch
933,birdy
934,birle
935,birma
936,birny
937,birse
938,birsy
939,birth
940,bison
941,bisti
942,bitch
943,biter
944,bitty
945,biune
946,bixin
947,bizet
948,black
949,blade
950,blady
951,blaff
952,blain
953,blair
954,blake
955,blame
956,blanc
957,bland
958,blank
959,blare
960,blart
961,blase
962,blash
963,blast
964,blate
965,blaze
966,blazy
967,bleak
968,blear
969,bleat
970,bleck
971,bleed
972,blend
973,blent
974,bless
975,blest
976,blibe
977,blick
978,blimp
979,blimy
980,blind
981,blink
982,bliss
983,blite
984,blitz
985,blizz
986,bloat
987,block
988,bloke
989,blood
990,bloom
991,bloop
992,blore
993,blout
994,blown
995,blowy
996,bluer
997,blues
998,bluet
999,bluey
1000,bluff
1001,blunk
1002,blunt
1003,blurb
1004,blurt
1005,blush
1006,blype
1007,board
1008,boast
1009,bobac
1010,bobby
1011,bocal
1012,bocca
1013,bocce
1014,bocoy
1015,boden
1016,boder
1017,bodge
1018,bodhi
1019,bodle
1020,bogan
1021,bogey
1022,boggy
1023,bogie
1024,bogle
1025,bogue
1026,bogum
1027,bogus
1028,bohea
1029,bohor
1030,boily
1031,boist
1032,bokom
1033,bolar
1034,boldo
1035,boled
1036,bolis
1037,bolly
1038,bolti
1039,bolus
1040,bombo
1041,bonce
1042,boned
1043,boner
1044,bongo
1045,bonny
1046,bonus
1047,bonze
1048,booby
1049,boody
1050,booky
1051,booly
1052,boomy
1053,boonk
1054,boort
1055,boose
1056,boost
1057,boosy
1058,booth
1059,boots
1060,booty
1061,booze
1062,boozy
1063,borak
1064,boral
1065,borax
1066,boree
1067,borer
1068,borgh
1069,boric
1070,borne
1071,boron
1072,borty
1073,bortz
1074,boryl
1075,bosch
1076,boser
1077,bosky
1078,bosom
1079,bossy
1080,bosun
1081,botch
1082,bothy
1083,bouge
1084,bough
1085,boule
1086,bound
1087,bourd
1088,bourg
1089,bourn
1090,bouse
1091,bousy
1092,bouto
1093,bovid
1094,bowed
1095,bowel
1096,bower
1097,bowet
1098,bowie
1099,bowla
1100,bowls
1101,bowly
1102,boxen
1103,boxer
1104,boxty
1105,boyar
1106,boyer
1107,boyla
1108,bozal
1109,bozze
1110,braca
1111,brace
1112,brach
1113,brack
1114,bract
1115,braid
1116,brail
1117,brain
1118,brake
1119,braky
1120,brand
1121,brank
1122,brant
1123,brash
1124,brass
1125,brave
1126,bravo
1127,brawl
1128,brawn
1129,braws
1130,braxy
1131,braza
1132,braze
1133,bread
1134,break
1135,bream
1136,breba
1137,breck
1138,brede
1139,bredi
1140,breed
1141,breek
1142,breme
1143,brent
1144,breth
1145,brett
1146,breva
1147,breve
1148,briar
1149,bribe
1150,brick
1151,bride
1152,brief
1153,brier
1154,brill
1155,brine
1156,bring
1157,brink
1158,briny
1159,brisk
1160,briss
1161,brith
1162,brizz
1163,broad
1164,broch
1165,brock
1166,broil
1167,broke
1168,broll
1169,broma
1170,brome
1171,bronc
1172,bronk
1173,brood
1174,brook
1175,brool
1176,broom
1177,broon
1178,brose
1179,brosy
1180,broth
1181,brown
1182,brugh
1183,bruin
1184,bruit
1185,bruke
1186,brume
1187,brunt
1188,brush
1189,brute
1190,bruzz
1191,buaze
1192,bubal
1193,bubby
1194,bucca
1195,buchu
1196,bucko
1197,bucky
1198,buddy
1199,budge
1200,buffy
1201,bugan
1202,buggy
1203,bugle
1204,bugre
1205,build
1206,built
1207,buist
1208,bulak
1209,bulby
1210,bulge
1211,bulgy
1212,bulky
1213,bulla
1214,bully
1215,bulse
1216,bumbo
1217,bumpy
1218,bunce
1219,bunch
1220,bundy
1221,bungo
1222,bungy
1223,bunko
1224,bunny
1225,bunty
1226,bunya
1227,buran
1228,burao
1229,burel
1230,buret
1231,burgh
1232,burin
1233,burka
1234,burke
1235,burly
1236,burnt
1237,burny
1238,burro
1239,burry
1240,bursa
1241,burse
1242,burst
1243,busby
1244,bushi
1245,bushy
1246,busky
1247,bussu
1248,butch
1249,butic
1250,butte
1251,butty
1252,butyl
1253,butyr
1254,buxom
1255,buyer
1256,buzzy
1257,bylaw
1258,byous
1259,bysen
1260,byway
1261,caama
1262,cabal
1263,caban
1264,cabas
1265,cabby
1266,cabda
1267,caber
1268,cabin
1269,cabio
1270,cable
1271,cabob
1272,cabot
1273,cacam
1274,cacao
1275,cache
1276,cacti
1277,cacur
1278,caddy
1279,cader
1280,cadet
1281,cadew
1282,cadge
1283,cadgy
1284,cados
1285,cadre
1286,cadua
1287,cadus
1288,caeca
1289,caffa
1290,cafiz
1291,caged
1292,cager
1293,cagey
1294,caggy
1295,cagit
1296,cahiz
1297,cahot
1298,cahow
1299,caird
1300,cairn
1301,cajun
1302,caker
1303,cakey
1304,calid
1305,calix
1306,calli
1307,callo
1308,calmy
1309,calor
1310,calve
1311,calyx
1312,caman
1313,camel
1314,cameo
1315,campo
1316,camus
1317,canal
1318,canch
1319,candy
1320,canel
1321,caner
1322,canid
1323,canna
1324,canny
1325,canoe
1326,canon
1327,canso
1328,canto
1329,canty
1330,canun
1331,caoba
1332,capax
1333,caped
1334,capel
1335,caper
1336,capes
1337,capon
1338,capot
1339,cappy
1340,capsa
1341,carat
1342,carbo
1343,cardo
1344,carer
1345,caret
1346,carga
1347,cargo
1348,carid
1349,carls
1350,caroa
1351,carob
1352,carol
1353,carom
1354,carry
1355,carse
1356,carte
1357,carty
1358,carua
1359,carve
1360,caryl
1361,casal
1362,casco
1363,cased
1364,caser
1365,casha
1366,casse
1367,caste
1368,catan
1369,catch
1370,cater
1371,catty
1372,cauch
1373,cauda
1374,cauld
1375,cauma
1376,caupo
1377,cause
1378,cavae
1379,caval
1380,cavel
1381,cavie
1382,cavil
1383,cavus
1384,cawky
1385,caxon
1386,cease
1387,cebid
1388,cebil
1389,cebur
1390,cedar
1391,ceder
1392,cedre
1393,cedry
1394,ceibo
1395,ceile
1396,cella
1397,cello
1398,cense
1399,cento
1400,ceorl
1401,cequi
1402,ceral
1403,ceras
1404,cerci
1405,cered
1406,cerer
1407,ceria
1408,ceric
1409,cerin
1410,certy
1411,ceryl
1412,cetic
1413,cetin
1414,cetyl
1415,chack
1416,chafe
1417,chaff
1418,chaft
1419,chain
1420,chair
1421,chais
1422,chaja
1423,chaka
1424,chalk
1425,champ
1426,chang
1427,chank
1428,chant
1429,chaos
1430,chape
1431,chaps
1432,chapt
1433,chard
1434,chare
1435,chark
1436,charm
1437,charr
1438,chart
1439,chary
1440,chase
1441,chasm
1442,chati
1443,chauk
1444,chaus
1445,chawk
1446,chawl
1447,chaya
1448,cheap
1449,cheat
1450,check
1451,cheek
1452,cheep
1453,cheer
1454,cheet
1455,cheir
1456,cheke
1457,cheki
1458,chela
1459,chelp
1460,chena
1461,cheng
1462,chert
1463,chess
1464,chest
1465,cheth
1466,cheve
1467,chevy
1468,chewy
1469,chick
1470,chico
1471,chide
1472,chief
1473,chien
1474,child
1475,chile
1476,chili
1477,chill
1478,chime
1479,china
1480,chine
1481,ching
1482,chink
1483,chino
1484,chint
1485,chips
1486,chirk
1487,chirm
1488,chiro
1489,chirp
1490,chirr
1491,chive
1492,chlor
1493,choca
1494,chock
1495,choel
1496,choga
1497,choil
1498,choir
1499,choke
1500,choky
1501,chola
1502,chold
1503,choli
1504,chomp
1505,choop
1506,chopa
1507,chord
1508,chore
1509,chort
1510,chose
1511,chott
1512,choup
1513,chous
1514,chowk
1515,choya
1516,chria
1517,chuck
1518,chufa
1519,chuff
1520,chump
1521,chunk
1522,churl
1523,churm
1524,churn
1525,churr
1526,chute
1527,chyak
1528,chyle
1529,chyme
1530,cibol
1531,cicad
1532,cicer
1533,cider
1534,cigar
1535,cigua
1536,cilia
1537,cimex
1538,cinch
1539,cinct
1540,cinel
1541,circa
1542,cirri
1543,cisco
1544,cista
1545,citee
1546,citer
1547,citua
1548,civet
1549,civic
1550,civil
1551,civvy
1552,clack
1553,claim
1554,clamb
1555,clame
1556,clamp
1557,clang
1558,clank
1559,clapt
1560,clark
1561,claro
1562,clart
1563,clary
1564,clash
1565,clasp
1566,class
1567,claut
1568,clava
1569,clave
1570,clavy
1571,clawk
1572,clead
1573,cleam
1574,clean
1575,clear
1576,cleat
1577,cleck
1578,cleek
1579,cleft
1580,clerk
1581,cleve
1582,click
1583,cliff
1584,clift
1585,clima
1586,climb
1587,clime
1588,cline
1589,cling
1590,clink
1591,clint
1592,clips
1593,clipt
1594,clite
1595,clive
1596,cloak
1597,cloam
1598,clock
1599,cloff
1600,cloit
1601,clomb
1602,clone
1603,cloof
1604,cloop
1605,cloot
1606,close
1607,closh
1608,clote
1609,cloth
1610,cloud
1611,clour
1612,clout
1613,clove
1614,clown
1615,cluck
1616,cluff
1617,clump
1618,clung
1619,clunk
1620,clyer
1621,clype
1622,cnida
1623,coach
1624,coact
1625,coaid
1626,coaly
1627,coapt
1628,coarb
1629,coast
1630,coati
1631,coaxy
1632,cobby
1633,cobia
1634,coble
1635,cobra
1636,cocci
1637,cocco
1638,cocky
1639,cocoa
1640,coder
1641,codex
1642,codol
1643,codon
1644,cogon
1645,cogue
1646,cohol
1647,coign
1648,coiny
1649,coker
1650,colic
1651,colin
1652,colly
1653,colon
1654,color
1655,colza
1656,comal
1657,comby
1658,comer
1659,comes
1660,comet
1661,comfy
1662,comic
1663,comma
1664,compo
1665,conal
1666,conch
1667,coned
1668,coner
1669,cones
1670,conga
1671,conic
1672,conin
1673,conky
1674,conte
1675,conto
1676,conus
1677,cooba
1678,cooee
1679,cooer
1680,cooja
1681,cooky
1682,cooly
1683,coomb
1684,coomy
1685,coony
1686,coost
1687,copal
1688,copei
1689,copen
1690,coper
1691,copis
1692,coppy
1693,copra
1694,copse
1695,copsy
1696,copus
1697,coque
1698,corah
1699,coral
1700,coram
1701,cordy
1702,cored
1703,corer
1704,corge
1705,corgi
1706,corke
1707,corky
1708,cornu
1709,corny
1710,coroa
1711,corol
1712,corps
1713,corse
1714,corta
1715,coryl
1716,cosec
1717,coset
1718,cosse
1719,costa
1720,cotch
1721,cothe
1722,cothy
1723,cotta
1724,cotte
1725,cotty
1726,couac
1727,couch
1728,coude
1729,cough
1730,could
1731,couma
1732,count
1733,coupe
1734,courb
1735,court
1736,couth
1737,coved
1738,cover
1739,covet
1740,covey
1741,covid
1742,covin
1743,cowal
1744,cower
1745,cowle
1746,coxal
1747,coyan
1748,coyly
1749,coyol
1750,coypu
1751,cozen
1752,crack
1753,craft
1754,crain
1755,crake
1756,cramp
1757,crane
1758,crank
1759,crape
1760,craps
1761,crapy
1762,crare
1763,crash
1764,crass
1765,crate
1766,crave
1767,cravo
1768,crawl
1769,crawm
1770,craze
1771,crazy
1772,creak
1773,cream
1774,creat
1775,creed
1776,creek
1777,creel
1778,creem
1779,creen
1780,creep
1781,crena
1782,crepe
1783,crept
1784,crepy
1785,cress
1786,crest
1787,creta
1788,cribo
1789,crick
1790,cried
1791,crier
1792,criey
1793,crile
1794,crime
1795,crimp
1796,crine
1797,crink
1798,crisp
1799,criss
1800,crith
1801,croak
1802,croci
1803,crock
1804,croft
1805,crome
1806,crone
1807,cronk
1808,crony
1809,crood
1810,crook
1811,crool
1812,croon
1813,crore
1814,crosa
1815,cross
1816,croup
1817,crout
1818,crowd
1819,crowl
1820,crown
1821,croze
1822,cruce
1823,cruck
1824,crude
1825,cruel
1826,cruet
1827,crumb
1828,crump
1829,crunk
1830,crunt
1831,cruor
1832,cruse
1833,crush
1834,crust
1835,cruth
1836,crypt
1837,ctene
1838,cubby
1839,cubeb
1840,cuber
1841,cubic
1842,cubit
1843,cuddy
1844,cueca
1845,cuffy
1846,culet
1847,culla
1848,cully
1849,culmy
1850,culpa
1851,cumal
1852,cumay
1853,cumbu
1854,cumic
1855,cumin
1856,cumol
1857,cumyl
1858,cunye
1859,cupay
1860,cupel
1861,cuppy
1862,curby
1863,curch
1864,curdy
1865,curer
1866,curie
1867,curin
1868,curio
1869,curly
1870,curry
1871,curse
1872,curst
1873,curua
1874,curve
1875,curvy
1876,cusec
1877,cushy
1878,cusie
1879,cusso
1880,cutch
1881,cutie
1882,cutin
1883,cutis
1884,cutty
1885,cutup
1886,cyath
1887,cycad
1888,cycle
1889,cylix
1890,cymar
1891,cymba
1892,cynic
1893,cypre
1894,cyrus
1895,cyton
1896,dabba
1897,dabby
1898,dadap
1899,daddy
1900,daffy
1901,dagga
1902,daggy
1903,daily
1904,daira
1905,dairi
1906,dairy
1907,daisy
1908,daiva
1909,daker
1910,dakir
1911,dalar
1912,daler
1913,dalle
1914,dally
1915,daman
1916,damie
1917,damme
1918,dampy
1919,dance
1920,danda
1921,dandy
1922,danio
1923,danli
1924,danta
1925,darac
1926,daraf
1927,darat
1928,darby
1929,darer
1930,daric
1931,darky
1932,daroo
1933,darst
1934,darts
1935,dashy
1936,dasnt
1937,dassy
1938,datch
1939,dater
1940,datil
1941,datum
1942,daube
1943,dauby
1944,daunt
1945,daven
1946,daver
1947,davit
1948,dawdy
1949,dawny
1950,dawut
1951,dayal
1952,dazed
1953,deair
1954,dealt
1955,deary
1956,deash
1957,death
1958,deave
1959,debar
1960,debby
1961,deben
1962,debit
1963,debus
1964,debut
1965,decad
1966,decal
1967,decan
1968,decap
1969,decay
1970,decil
1971,decke
1972,decoy
1973,decry
1974,decus
1975,decyl
1976,deedy
1977,defat
1978,defer
1979,defog
1980,degas
1981,degum
1982,deice
1983,deify
1984,deign
1985,deink
1986,deism
1987,deist
1988,deity
1989,dekko
1990,dekle
1991,delay
1992,delft
1993,delta
1994,delve
1995,demal
1996,demit
1997,demob
1998,demon
1999,demos
2000,denat
2001,denda
2002,denim
2003,dense
2004,denty
2005,deota
2006,depas
2007,depoh
2008,depot
2009,depth
2010,derah
2011,derat
2012,deray
2013,derby
2014,deric
2015,derma
2016,derry
2017,desex
2018,desma
2019,dessa
2020,desyl
2021,detar
2022,detax
2023,deter
2024,detin
2025,detur
2026,deuce
2027,devil
2028,devow
2029,dewan
2030,dewax
2031,dewer
2032,dhabb
2033,dhava
2034,dheri
2035,dhobi
2036,dhole
2037,dhoni
2038,dhoon
2039,dhoti
2040,dhoul
2041,dhyal
2042,diact
2043,diamb
2044,diary
2045,dicer
2046,dicky
2047,dicot
2048,dicta
2049,diddy
2050,didie
2051,didle
2052,didna
2053,didnt
2054,didst
2055,didym
2056,diene
2057,dight
2058,digit
2059,diker
2060,dildo
2061,dilli
2062,dilly
2063,dimer
2064,dimit
2065,dimly
2066,dimps
2067,dinar
2068,diner
2069,dinge
2070,dingo
2071,dingy
2072,dinic
2073,dinky
2074,dinus
2075,diode
2076,diose
2077,diota
2078,dioxy
2079,dirge
2080,dirty
2081,disme
2082,disna
2083,dital
2084,ditch
2085,diter
2086,ditto
2087,ditty
2088,divan
2089,divel
2090,diver
2091,divot
2092,divus
2093,divvy
2094,dixie
2095,dixit
2096,dizen
2097,dizzy
2098,djave
2099,dobby
2100,dobla
2101,dobra
2102,doddy
2103,dodge
2104,dodgy
2105,doest
2106,dogal
2107,doggo
2108,doggy
2109,dogie
2110,dogly
2111,dogma
2112,doigt
2113,doily
2114,doina
2115,doing
2116,dolia
2117,dolly
2118,dolor
2119,domal
2120,domba
2121,domer
2122,domic
2123,dompt
2124,donax
2125,donee
2126,doney
2127,donga
2128,donna
2129,donor
2130,donum
2131,dooja
2132,dooli
2133,dooly
2134,dooms
2135,doper
2136,dopey
2137,dorab
2138,dorad
2139,doree
2140,doria
2141,dorje
2142,dormy
2143,dorts
2144,dorty
2145,doser
2146,dosis
2147,dotal
2148,doted
2149,doter
2150,dotty
2151,douar
2152,doubt
2153,douce
2154,dough
2155,douse
2156,dover
2157,dowdy
2158,dowed
2159,dowel
2160,dower
2161,dowie
2162,downy
2163,dowry
2164,dowse
2165,dozed
2166,dozen
2167,dozer
2168,draff
2169,draft
2170,drago
2171,drail
2172,drain
2173,drake
2174,drama
2175,dramm
2176,drang
2177,drank
2178,drant
2179,drape
2180,drate
2181,drawk
2182,drawl
2183,drawn
2184,dread
2185,dream
2186,drear
2187,dreep
2188,dregs
2189,dreng
2190,dress
2191,drest
2192,drias
2193,dried
2194,drier
2195,drift
2196,drill
2197,drink
2198,drinn
2199,drisk
2200,drive
2201,drogh
2202,droit
2203,droll
2204,drome
2205,drona
2206,drone
2207,drony
2208,drool
2209,droop
2210,dropt
2211,dross
2212,droud
2213,drouk
2214,drove
2215,drovy
2216,drown
2217,druid
2218,drung
2219,drunk
2220,drupe
2221,druse
2222,drusy
2223,druxy
2224,dryad
2225,dryas
2226,dryly
2227,dryth
2228,duali
2229,dubba
2230,dubby
2231,ducal
2232,ducat
2233,duces
2234,duchy
2235,dugal
2236,duhat
2237,dujan
2238,dukhn
2239,duler
2240,dulia
2241,dully
2242,dulse
2243,dumba
2244,dummy
2245,dumpy
2246,dunal
2247,dunce
2248,dunch
2249,dungy
2250,dunne
2251,dunny
2252,dunst
2253,duole
2254,duper
2255,dupla
2256,duple
2257,duppy
2258,dural
2259,durax
2260,durra
2261,durry
2262,durst
2263,duryl
2264,dusio
2265,dusky
2266,dusty
2267,dutch
2268,dutra
2269,duvet
2270,dwale
2271,dwalm
2272,dwang
2273,dwarf
2274,dwell
2275,dwelt
2276,dwine
2277,dying
2278,dyker
2279,eager
2280,eagle
2281,eagre
2282,eared
2283,early
2284,earth
2285,easel
2286,easer
2287,eaten
2288,eater
2289,eaved
2290,eaver
2291,eaves
2292,ebony
2293,echea
2294,ecize
2295,eclat
2296,ecoid
2297,ecole
2298,ectad
2299,ectal
2300,edder
2301,edema
2302,edged
2303,edger
2304,edict
2305,edify
2306,educe
2307,educt
2308,eeler
2309,eerie
2310,egest
2311,egger
2312,egret
2313,eider
2314,eight
2315,eigne
2316,eimer
2317,eject
2318,ekaha
2319,eking
2320,elain
2321,eland
2322,elate
2323,elbow
2324,elder
2325,eldin
2326,elect
2327,elegy
2328,elemi
2329,elfic
2330,elfin
2331,elide
2332,elite
2333,eloge
2334,elope
2335,elops
2336,elsin
2337,elude
2338,elute
2339,elvan
2340,elver
2341,elves
2342,elvet
2343,embar
2344,embay
2345,embed
2346,ember
2347,embog
2348,embow
2349,embox
2350,embus
2351,emcee
2352,emeer
2353,emend
2354,emery
2355,emmer
2356,emmet
2357,emote
2358,empty
2359,enact
2360,enage
2361,enapt
2362,enarm
2363,enate
2364,encup
2365,ended
2366,ender
2367,endew
2368,endow
2369,endue
2370,enema
2371,enemy
2372,engem
2373,enhat
2374,eniac
2375,enjoy
2376,ennui
2377,enoil
2378,enorm
2379,enray
2380,enrib
2381,enrol
2382,enrut
2383,ensky
2384,ensue
2385,entad
2386,ental
2387,enter
2388,entia
2389,entry
2390,enure
2391,envoy
2392,enzym
2393,eosin
2394,epact
2395,ephah
2396,ephod
2397,ephor
2398,epoch
2399,epode
2400,epopt
2401,epulo
2402,equal
2403,equid
2404,equip
2405,erade
2406,erase
2407,erbia
2408,erect
2409,erept
2410,ergal
2411,ergon
2412,ergot
2413,erika
2414,erizo
2415,erode
2416,erose
2417,error
2418,eruca
2419,eruct
2420,erupt
2421,esere
2422,eshin
2423,esker
2424,essay
2425,essed
2426,ester
2427,estoc
2428,estop
2429,estre
2430,estus
2431,ethal
2432,ethel
2433,ether
2434,ethic
2435,ethid
2436,ethos
2437,ethyl
2438,ettle
2439,etude
2440,eupad
2441,eusol
2442,evade
2443,evase
2444,evens
2445,event
2446,evert
2447,every
2448,evict
2449,evoke
2450,ewder
2451,ewery
2452,exact
2453,exalt
2454,excel
2455,exdie
2456,exeat
2457,exert
2458,exile
2459,exist
2460,exite
2461,exlex
2462,exode
2463,exody
2464,expel
2465,exter
2466,extol
2467,extra
2468,exude
2469,exult
2470,eying
2471,eyoty
2472,eyrie
2473,eyrir
2474,fabes
2475,fable
2476,faced
2477,facer
2478,facet
2479,facia
2480,facks
2481,facty
2482,faddy
2483,faded
2484,faden
2485,fader
2486,fadge
2487,faery
2488,faffy
2489,fager
2490,fagot
2491,faham
2492,fains
2493,faint
2494,fairm
2495,fairy
2496,faith
2497,faker
2498,fakir
2499,fally
2500,false
2501,fanal
2502,fanam
2503,fancy
2504,fangy
2505,fanon
2506,farad
2507,farce
2508,farcy
2509,farde
2510,fardh
2511,fardo
2512,farer
2513,farmy
2514,farse
2515,fatal
2516,fated
2517,fatil
2518,fatly
2519,fatty
2520,faugh
2521,fauld
2522,fault
2523,fause
2524,faust
2525,fauve
2526,favor
2527,favus
2528,fawny
2529,feast
2530,featy
2531,feaze
2532,fecal
2533,feces
2534,feedy
2535,feere
2536,feeze
2537,feign
2538,feint
2539,feist
2540,felid
2541,felly
2542,felon
2543,felty
2544,femic
2545,femur
2546,fence
2547,fendy
2548,fenks
2549,fenny
2550,feoff
2551,feral
2552,feria
2553,ferie
2554,ferly
2555,ferme
2556,ferny
2557,ferri
2558,ferry
2559,fetal
2560,fetch
2561,fetid
2562,fetor
2563,fetus
2564,feuar
2565,feued
2566,fever
2567,fezzy
2568,fiard
2569,fiber
2570,fibry
2571,fiche
2572,fichu
2573,fidge
2574,field
2575,fiend
2576,fient
2577,fiery
2578,fifer
2579,fifie
2580,fifth
2581,fifty
2582,figgy
2583,fight
2584,fikie
2585,filao
2586,filar
2587,filch
2588,filer
2589,filet
2590,filly
2591,filmy
2592,filth
2593,final
2594,finch
2595,finer
2596,finis
2597,finny
2598,fiord
2599,fique
2600,firca
2601,fired
2602,firer
2603,firry
2604,first
2605,firth
2606,fishy
2607,fisty
2608,fitch
2609,fitly
2610,fitty
2611,fiver
2612,fives
2613,fixed
2614,fixer
2615,fizzy
2616,fjeld
2617,flack
2618,flaff
2619,flail
2620,flair
2621,flake
2622,flaky
2623,flamb
2624,flame
2625,flamy
2626,flane
2627,flank
2628,flare
2629,flary
2630,flash
2631,flask
2632,flavo
2633,flawn
2634,flawy
2635,flaxy
2636,fleam
2637,fleay
2638,fleck
2639,fleer
2640,fleet
2641,flesh
2642,flews
2643,flick
2644,flier
2645,flimp
2646,fling
2647,flint
2648,flipe
2649,flirt
2650,flisk
2651,flite
2652,float
2653,flock
2654,floey
2655,flong
2656,flood
2657,floor
2658,flora
2659,flory
2660,flosh
2661,floss
2662,flota
2663,flour
2664,flout
2665,flown
2666,flued
2667,fluer
2668,fluey
2669,fluff
2670,fluid
2671,fluke
2672,fluky
2673,flume
2674,flump
2675,flung
2676,flunk
2677,fluor
2678,flurn
2679,flurr
2680,flush
2681,flusk
2682,flute
2683,fluty
2684,flyer
2685,flype
2686,foaly
2687,foamy
2688,focal
2689,focus
2690,fodda
2691,foder
2692,fodge
2693,foehn
2694,fogey
2695,foggy
2696,fogle
2697,fogon
2698,fogou
2699,fogus
2700,fohat
2701,foist
2702,foldy
2703,folia
2704,folie
2705,folio
2706,folky
2707,folly
2708,fomes
2709,fondu
2710,fonly
2711,foody
2712,foots
2713,footy
2714,foppy
2715,foray
2716,forby
2717,force
2718,fordo
2719,fordy
2720,forel
2721,forge
2722,forgo
2723,forky
2724,forme
2725,formy
2726,forte
2727,forth
2728,forty
2729,forum
2730,fosie
2731,fossa
2732,fosse
2733,fotch
2734,fotui
2735,found
2736,fount
2737,foute
2738,fouth
2739,fovea
2740,foxer
2741,foyer
2742,frack
2743,fraid
2744,fraik
2745,frail
2746,frame
2747,franc
2748,frank
2749,frase
2750,frass
2751,fraud
2752,frawn
2753,frayn
2754,fraze
2755,freak
2756,fream
2757,freck
2758,freed
2759,freer
2760,freet
2761,freir
2762,freit
2763,fremd
2764,fresh
2765,frett
2766,friar
2767,fried
2768,frier
2769,frike
2770,frill
2771,frisk
2772,frist
2773,frith
2774,fritt
2775,frize
2776,frizz
2777,frock
2778,frond
2779,front
2780,froom
2781,frore
2782,frory
2783,frosh
2784,frost
2785,froth
2786,frowl
2787,frown
2788,frowy
2789,froze
2790,fruit
2791,frump
2792,frush
2793,fryer
2794,fubby
2795,fubsy
2796,fucus
2797,fuder
2798,fudge
2799,fudgy
2800,fuffy
2801,fugal
2802,fuggy
2803,fugle
2804,fugue
2805,fully
2806,fulth
2807,fulwa
2808,fumer
2809,fumet
2810,fundi
2811,funds
2812,fungi
2813,fungo
2814,funis
2815,funky
2816,funny
2817,fural
2818,furan
2819,furca
2820,furil
2821,furor
2822,furry
2823,furyl
2824,furze
2825,furzy
2826,fused
2827,fusee
2828,fusht
2829,fusil
2830,fussy
2831,fusty
2832,futwa
2833,fuzzy
2834,gabby
2835,gable
2836,gaddi
2837,gadge
2838,gadid
2839,gaffe
2840,gagee
2841,gager
2842,gagor
2843,gaily
2844,gaine
2845,gains
2846,gaize
2847,galah
2848,galea
2849,galee
2850,galet
2851,galey
2852,galla
2853,gally
2854,galop
2855,gamba
2856,gamic
2857,gamin
2858,gamma
2859,gammy
2860,gamut
2861,ganam
2862,ganch
2863,ganef
2864,ganga
2865,gange
2866,ganja
2867,gansy
2868,ganta
2869,ganza
2870,gaper
2871,gapes
2872,gappy
2873,garad
2874,garce
2875,gardy
2876,gareh
2877,garle
2878,garoo
2879,garse
2880,garth
2881,garum
2882,gashy
2883,gaspy
2884,gassy
2885,gatch
2886,gated
2887,gater
2888,gator
2889,gauby
2890,gaudy
2891,gauge
2892,gault
2893,gaumy
2894,gaunt
2895,gauss
2896,gauze
2897,gauzy
2898,gavel
2899,gawby
2900,gawky
2901,gayal
2902,gazee
2903,gazel
2904,gazer
2905,gazon
2906,gease
2907,gebur
2908,gecko
2909,geest
2910,geira
2911,gelid
2912,gelly
2913,gemel
2914,gemma
2915,gemmy
2916,gemot
2917,gemul
2918,genal
2919,genep
2920,genet
2921,genic
2922,genie
2923,genii
2924,genin
2925,genip
2926,genom
2927,genos
2928,genre
2929,genro
2930,genty
2931,genua
2932,genus
2933,genys
2934,geode
2935,geoid
2936,geoty
2937,gerah
2938,gerbe
2939,gerim
2940,gerip
2941,germy
2942,gesso
2943,geste
2944,getah
2945,getup
2946,geyan
2947,ghazi
2948,ghoom
2949,ghost
2950,ghoul
2951,giant
2952,gibby
2953,gibel
2954,giber
2955,gibus
2956,giddy
2957,gigot
2958,gilia
2959,gilim
2960,gilly
2961,gilpy
2962,gilse
2963,gimel
2964,ginny
2965,gipon
2966,girba
2967,girly
2968,girny
2969,girse
2970,girsh
2971,girth
2972,gisla
2973,given
2974,giver
2975,givey
2976,glace
2977,glack
2978,glade
2979,glady
2980,glaga
2981,glaik
2982,glair
2983,glaky
2984,gland
2985,glans
2986,glare
2987,glary
2988,glass
2989,glaum
2990,glaur
2991,glaze
2992,glazy
2993,gleam
2994,glean
2995,gleba
2996,glebe
2997,glede
2998,gledy
2999,gleed
3000,gleek
3001,gleet
3002,glent
3003,glial
3004,glide
3005,gliff
3006,glime
3007,glink
3008,glint
3009,glisk
3010,gloam
3011,gloat
3012,globe
3013,globy
3014,gloea
3015,glome
3016,gloom
3017,glore
3018,glory
3019,gloss
3020,glost
3021,glout
3022,glove
3023,gloze
3024,gluck
3025,glued
3026,gluer
3027,gluey
3028,gluma
3029,glume
3030,glump
3031,glyph
3032,gnarl
3033,gnash
3034,gnawn
3035,gnome
3036,goaty
3037,goave
3038,goban
3039,gobbe
3040,gobby
3041,godet
3042,godly
3043,goety
3044,gogga
3045,going
3046,goldy
3047,golee
3048,golem
3049,golly
3050,goloe
3051,golpe
3052,gomer
3053,gonad
3054,gonal
3055,goner
3056,gonia
3057,gonid
3058,gonne
3059,gonys
3060,goods
3061,goody
3062,goofy
3063,gools
3064,gooma
3065,goose
3066,goosy
3067,goral
3068,goran
3069,gorce
3070,gorer
3071,gorge
3072,goric
3073,gorra
3074,gorry
3075,gorse
3076,gorsy
3077,gossy
3078,gotch
3079,gotra
3080,gouge
3081,goumi
3082,gourd
3083,gouty
3084,gowan
3085,goyim
3086,goyin
3087,goyle
3088,grace
3089,grade
3090,graff
3091,graft
3092,grail
3093,grain
3094,graip
3095,grama
3096,grame
3097,gramp
3098,grand
3099,grane
3100,grank
3101,grano
3102,grant
3103,grape
3104,graph
3105,grapy
3106,grasp
3107,grass
3108,grate
3109,grave
3110,gravy
3111,graze
3112,great
3113,grebe
3114,grece
3115,greed
3116,green
3117,greet
3118,grege
3119,grego
3120,grein
3121,grice
3122,gride
3123,grief
3124,griff
3125,grift
3126,grike
3127,grill
3128,grime
3129,grimp
3130,grimy
3131,grind
3132,gripe
3133,gripy
3134,grist
3135,grith
3136,grits
3137,groan
3138,groat
3139,groff
3140,groin
3141,groom
3142,groop
3143,groot
3144,grope
3145,gross
3146,grosz
3147,grouf
3148,group
3149,grout
3150,grove
3151,grovy
3152,growl
3153,grown
3154,grubs
3155,gruel
3156,gruff
3157,grume
3158,grump
3159,grunt
3160,grush
3161,gruss
3162,gryde
3163,guaba
3164,guaco
3165,guaka
3166,guama
3167,guana
3168,guano
3169,guara
3170,guard
3171,guasa
3172,guava
3173,guaza
3174,gubbo
3175,gucki
3176,gudge
3177,gudok
3178,guess
3179,guest
3180,guffy
3181,gugal
3182,guiba
3183,guide
3184,guige
3185,guijo
3186,guild
3187,guile
3188,guilt
3189,guily
3190,guise
3191,gulae
3192,gular
3193,gulch
3194,gules
3195,gulfy
3196,gulix
3197,gully
3198,gulpy
3199,gumbo
3200,gumby
3201,gumly
3202,gumma
3203,gummy
3204,gundi
3205,gundy
3206,gunge
3207,gunne
3208,gunny
3209,guppy
3210,gurge
3211,gurly
3212,gurry
3213,gushy
3214,gusla
3215,gusle
3216,gusto
3217,gusty
3218,gutta
3219,gutte
3220,gutti
3221,gutty
3222,guyer
3223,gweed
3224,gwely
3225,gwine
3226,gymel
3227,gynic
3228,gypsy
3229,gyral
3230,gyric
3231,gyron
3232,gyrus
3233,habit
3234,hache
3235,hacky
3236,haddo
3237,hadji
3238,hafiz
3239,haggy
3240,hagia
3241,haily
3242,haine
3243,haire
3244,hairy
3245,hajib
3246,hakam
3247,hakim
3248,halal
3249,halch
3250,haler
3251,halma
3252,halse
3253,halve
3254,hamal
3255,hamel
3256,hammy
3257,hamsa
3258,hamus
3259,hamza
3260,hance
3261,hanch
3262,handy
3263,hange
3264,hanif
3265,hanky
3266,hanna
3267,hansa
3268,hanse
3269,haole
3270,haoma
3271,haori
3272,haply
3273,happy
3274,harbi
3275,hardy
3276,harem
3277,harka
3278,harry
3279,harsh
3280,hasan
3281,hashy
3282,hasky
3283,hasta
3284,haste
3285,hasty
3286,hatch
3287,hater
3288,hathi
3289,hatty
3290,haugh
3291,hauld
3292,haulm
3293,haunt
3294,hause
3295,havel
3296,haven
3297,haver
3298,havoc
3299,hawer
3300,hawky
3301,hawok
3302,hawse
3303,hayey
3304,hazel
3305,hazen
3306,hazer
3307,hazle
3308,heady
3309,heald
3310,heaps
3311,heapy
3312,heart
3313,heath
3314,heave
3315,heavy
3316,hecte
3317,heder
3318,hedge
3319,hedgy
3320,heedy
3321,heeze
3322,heezy
3323,hefty
3324,heiau
3325,heigh
3326,helio
3327,helix
3328,hello
3329,helly
3330,heloe
3331,helve
3332,hemad
3333,hemal
3334,hemen
3335,hemic
3336,hemin
3337,hemol
3338,hempy
3339,henad
3340,hence
3341,henna
3342,henny
3343,henry
3344,hepar
3345,herby
3346,herem
3347,herma
3348,herne
3349,heron
3350,herse
3351,hertz
3352,heuau
3353,heugh
3354,hewel
3355,hewer
3356,hexad
3357,hexer
3358,hexis
3359,hexyl
3360,hiant
3361,hiate
3362,hided
3363,hider
3364,hield
3365,hight
3366,hiker
3367,hilch
3368,hilly
3369,hilsa
3370,hilum
3371,hilus
3372,hinau
3373,hinch
3374,hinge
3375,hinny
3376,hiper
3377,hippo
3378,hippy
3379,hired
3380,hirer
3381,hirse
3382,hitch
3383,hithe
3384,hiver
3385,hives
3386,hoard
3387,hoary
3388,hoast
3389,hobby
3390,hocco
3391,hocky
3392,hocus
3393,hoddy
3394,hogan
3395,hoggy
3396,hoick
3397,hoise
3398,hoist
3399,hokey
3400,hokum
3401,holer
3402,holey
3403,holia
3404,holla
3405,hollo
3406,holly
3407,homer
3408,homey
3409,honda
3410,hondo
3411,honey
3412,honor
3413,hooch
3414,hooey
3415,hoofs
3416,hoofy
3417,hooky
3418,hooly
3419,hoose
3420,hoosh
3421,hoove
3422,hoped
3423,hoper
3424,hoppy
3425,horal
3426,horde
3427,horme
3428,horny
3429,horse
3430,horst
3431,horsy
3432,hosed
3433,hosel
3434,hotch
3435,hotel
3436,hotly
3437,hough
3438,hound
3439,houri
3440,house
3441,housy
3442,hovel
3443,hoven
3444,hover
3445,howdy
3446,howel
3447,howff
3448,howso
3449,hoyle
3450,huaca
3451,huaco
3452,hubba
3453,hubby
3454,hucho
3455,huffy
3456,hulky
3457,human
3458,humbo
3459,humet
3460,humic
3461,humid
3462,humin
3463,humor
3464,humph
3465,humpy
3466,humus
3467,hunch
3468,hundi
3469,hunks
3470,hunky
3471,hurds
3472,hurly
3473,huron
3474,hurry
3475,hurst
3476,hurty
3477,husho
3478,husky
3479,hussy
3480,hutch
3481,hutia
3482,huzza
3483,hydro
3484,hyena
3485,hying
3486,hyleg
3487,hylic
3488,hymen
3489,hynde
3490,hyoid
3491,hyper
3492,hypha
3493,hypho
3494,hyrax
3495,hyson
3496,iambi
3497,ibota
3498,icaco
3499,ichor
3500,icica
3501,icily
3502,icing
3503,ictic
3504,ictus
3505,idant
3506,iddat
3507,ideal
3508,idgah
3509,idiom
3510,idiot
3511,idite
3512,idler
3513,idola
3514,idose
3515,idryl
3516,igloo
3517,ihram
3518,ikona
3519,ileac
3520,ileon
3521,ileum
3522,ileus
3523,iliac
3524,ilial
3525,iliau
3526,ilima
3527,ilium
3528,illth
3529,image
3530,imago
3531,imban
3532,imbat
3533,imbed
3534,imber
3535,imbue
3536,imide
3537,imine
3538,imino
3539,immew
3540,immit
3541,immix
3542,impar
3543,impel
3544,impen
3545,imply
3546,impot
3547,imshi
3548,inaja
3549,inane
3550,inapt
3551,inarm
3552,incog
3553,incur
3554,incus
3555,incut
3556,indan
3557,index
3558,indic
3559,indri
3560,indue
3561,indyl
3562,inept
3563,inerm
3564,inert
3565,infer
3566,infit
3567,infix
3568,infra
3569,ingle
3570,ingot
3571,inial
3572,inion
3573,inken
3574,inker
3575,inket
3576,inkle
3577,inlaw
3578,inlay
3579,inlet
3580,inner
3581,innet
3582,inoma
3583,inone
3584,inorb
3585,input
3586,inrub
3587,inrun
3588,insea
3589,insee
3590,inset
3591,inter
3592,intil
3593,intue
3594,inula
3595,inure
3596,inurn
3597,inwit
3598,iodic
3599,iodol
3600,ionic
3601,irade
3602,irate
3603,irene
3604,irian
3605,iroko
3606,irone
3607,irony
3608,islay
3609,islet
3610,islot
3611,ismal
3612,issei
3613,issue
3614,istle
3615,itchy
3616,itcze
3617,itemy
3618,ither
3619,ivied
3620,ivory
3621,izard
3622,izote
3623,iztle
3624,jabia
3625,jabot
3626,jabul
3627,jacal
3628,jacko
3629,jaded
3630,jagat
3631,jager
3632,jaggy
3633,jagir
3634,jagla
3635,jagua
3636,jakes
3637,jalap
3638,jaman
3639,jambo
3640,jammy
3641,jantu
3642,janua
3643,japan
3644,japer
3645,jarra
3646,jarry
3647,jasey
3648,jatha
3649,jaunt
3650,javer
3651,jawab
3652,jawed
3653,jazzy
3654,jeans
3655,jeery
3656,jehup
3657,jelab
3658,jelly
3659,jemmy
3660,jenna
3661,jenny
3662,jerez
3663,jerib
3664,jerky
3665,jerry
3666,jetty
3667,jewel
3668,jheel
3669,jhool
3670,jibby
3671,jiboa
3672,jiffy
3673,jiggy
3674,jihad
3675,jimmy
3676,jingo
3677,jinja
3678,jinks
3679,jinni
3680,jinny
3681,jiqui
3682,jirga
3683,jitro
3684,jixie
3685,jocko
3686,jocum
3687,jodel
3688,joint
3689,joist
3690,joker
3691,jokul
3692,jolly
3693,jolty
3694,joola
3695,joree
3696,jorum
3697,joshi
3698,josie
3699,jotty
3700,jough
3701,joule
3702,jours
3703,joust
3704,jowar
3705,jowel
3706,jower
3707,jowly
3708,jowpy
3709,jubbe
3710,judex
3711,judge
3712,jufti
3713,jugal
3714,juger
3715,jugum
3716,juice
3717,juicy
3718,julep
3719,julid
3720,julio
3721,jumba
3722,jumbo
3723,jumby
3724,jumma
3725,jumpy
3726,junta
3727,junto
3728,jupon
3729,jural
3730,jurat
3731,jurel
3732,juror
3733,justo
3734,jutka
3735,jutty
3736,juvia
3737,kabel
3738,kados
3739,kafir
3740,kafiz
3741,kafta
3742,kahar
3743,kahau
3744,kaiwi
3745,kakar
3746,kakke
3747,kalon
3748,kamao
3749,kamas
3750,kamik
3751,kanae
3752,kanap
3753,kanat
3754,kande
3755,kaneh
3756,kanga
3757,kapai
3758,kapok
3759,kappa
3760,kappe
3761,kapur
3762,kaput
3763,karbi
3764,karch
3765,karma
3766,karou
3767,karri
3768,karst
3769,kashi
3770,kassu
3771,katar
3772,katha
3773,katun
3774,kauri
3775,kayak
3776,kazoo
3777,keach
3778,keawe
3779,kebab
3780,kecky
3781,kedge
3782,keech
3783,keena
3784,keest
3785,keeve
3786,kefir
3787,keita
3788,keleh
3789,kelek
3790,kelep
3791,kella
3792,kelly
3793,kelpy
3794,kelty
3795,kempt
3796,kempy
3797,kenaf
3798,kench
3799,kenno
3800,kerat
3801,kerel
3802,kerry
3803,ketal
3804,ketch
3805,keten
3806,ketol
3807,kette
3808,ketty
3809,ketyl
3810,kevel
3811,keyed
3812,khadi
3813,khair
3814,khaja
3815,khaki
3816,khass
3817,khoja
3818,khoka
3819,khula
3820,khvat
3821,kiack
3822,kiaki
3823,kiang
3824,kibei
3825,kiddy
3826,kieye
3827,kikar
3828,kilah
3829,kilan
3830,kileh
3831,kiley
3832,kilim
3833,killy
3834,kinah
3835,kinch
3836,kinky
3837,kioea
3838,kiosk
3839,kippy
3840,kirve
3841,kishy
3842,kisra
3843,kissy
3844,kiswa
3845,kitab
3846,kitar
3847,kithe
3848,kitty
3849,kiver
3850,kiyas
3851,klops
3852,klosh
3853,knack
3854,knape
3855,knark
3856,knave
3857,knead
3858,kneed
3859,kneel
3860,knell
3861,knelt
3862,knezi
3863,kniaz
3864,knick
3865,knife
3866,knock
3867,knoll
3868,knosp
3869,knout
3870,knowe
3871,known
3872,knurl
3873,knyaz
3874,koala
3875,koali
3876,koban
3877,kodak
3878,kodro
3879,kohua
3880,koila
3881,koine
3882,kokam
3883,kokan
3884,kokil
3885,kokio
3886,kokra
3887,kokum
3888,kolea
3889,kombu
3890,konak
3891,kongu
3892,kooka
3893,koppa
3894,korec
3895,korin
3896,kosin
3897,kotal
3898,kouza
3899,kovil
3900,koyan
3901,kraal
3902,kraft
3903,krait
3904,krama
3905,kraut
3906,kreis
3907,krems
3908,kreng
3909,krina
3910,krome
3911,krona
3912,krone
3913,kroon
3914,krosa
3915,kubba
3916,kudos
3917,kudzu
3918,kugel
3919,kukri
3920,kukui
3921,kulah
3922,kulak
3923,kumbi
3924,kunai
3925,kurus
3926,kusam
3927,kusha
3928,kusti
3929,kusum
3930,kvass
3931,kvint
3932,kyack
3933,kylix
3934,laang
3935,labba
3936,label
3937,labia
3938,labis
3939,labor
3940,labra
3941,lacca
3942,laced
3943,lacer
3944,lacet
3945,lache
3946,lacis
3947,lacto
3948,laden
3949,lader
3950,ladle
3951,laeti
3952,lagan
3953,lagen
3954,lager
3955,lagna
3956,laich
3957,laigh
3958,laine
3959,laird
3960,lairy
3961,laity
3962,laker
3963,lakie
3964,lamba
3965,lamby
3966,lamel
3967,lamia
3968,lamin
3969,lammy
3970,lanas
3971,lanaz
3972,lance
3973,laney
3974,langi
3975,lanky
3976,lanum
3977,lapel
3978,lapon
3979,lapse
3980,lapsi
3981,larch
3982,lardy
3983,large
3984,largo
3985,larid
3986,larin
3987,larky
3988,larry
3989,larva
3990,larve
3991,laser
3992,lasso
3993,lasty
3994,latah
3995,latch
3996,lated
3997,laten
3998,later
3999,latex
4000,lathe
4001,lathy
4002,latro
4003,latus
4004,lauan
4005,laugh
4006,lauia
4007,laund
4008,laura
4009,laver
4010,lavic
4011,lawny
4012,lawzy
4013,laxly
4014,layer
4015,layne
4016,lazar
4017,leach
4018,leady
4019,leafy
4020,leaky
4021,leant
4022,leapt
4023,learn
4024,lease
4025,leash
4026,least
4027,leath
4028,leave
4029,leavy
4030,leban
4031,leden
4032,ledge
4033,ledgy
4034,ledol
4035,leech
4036,leeky
4037,leery
4038,legal
4039,leger
4040,leges
4041,leggy
4042,legit
4043,legoa
4044,legua
4045,lehua
4046,lekha
4047,leman
4048,lemel
4049,lemma
4050,lemon
4051,lemur
4052,lenad
4053,lench
4054,lenis
4055,lenth
4056,lento
4057,leper
4058,lepra
4059,lerot
4060,lesiy
4061,lessn
4062,letch
4063,letup
4064,leuch
4065,leuco
4066,leuma
4067,levee
4068,level
4069,lever
4070,levin
4071,levir
4072,lewis
4073,lewth
4074,lexia
4075,liana
4076,liang
4077,liard
4078,libel
4079,liber
4080,libra
4081,licca
4082,lichi
4083,licit
4084,liege
4085,liesh
4086,lieue
4087,lieve
4088,lifer
4089,lifey
4090,ligas
4091,light
4092,ligne
4093,liken
4094,liker
4095,likin
4096,lilac
4097,liman
4098,limbo
4099,limby
4100,limen
4101,limer
4102,limes
4103,limey
4104,limit
4105,limma
4106,limmu
4107,limpy
4108,limsy
4109,linch
4110,lindo
4111,linea
4112,lined
4113,linen
4114,liner
4115,linga
4116,linge
4117,lingo
4118,lingy
4119,linha
4120,linie
4121,linin
4122,linja
4123,linje
4124,links
4125,linky
4126,linon
4127,linty
4128,lipin
4129,lippy
4130,lisle
4131,litas
4132,litch
4133,liter
4134,lithe
4135,lithi
4136,litho
4137,lithy
4138,litra
4139,litus
4140,lived
4141,liven
4142,liver
4143,livid
4144,livor
4145,livre
4146,liwan
4147,llama
4148,llano
4149,loach
4150,loamy
4151,loath
4152,loave
4153,lobal
4154,lobar
4155,lobby
4156,lobed
4157,local
4158,lochy
4159,locky
4160,locum
4161,locus
4162,lodge
4163,loess
4164,lofty
4165,logia
4166,logic
4167,logie
4168,login
4169,logoi
4170,logos
4171,lohan
4172,lokao
4173,loket
4174,lolly
4175,longa
4176,longe
4177,longs
4178,looby
4179,loony
4180,loopy
4181,loose
4182,loper
4183,loppy
4184,loral
4185,loran
4186,lordy
4187,lored
4188,loric
4189,loris
4190,lorry
4191,lorum
4192,losel
4193,loser
4194,lotic
4195,lotto
4196,lotus
4197,louch
4198,louey
4199,lough
4200,loulu
4201,loupe
4202,louse
4203,lousy
4204,louty
4205,lover
4206,lowan
4207,lower
4208,lowly
4209,lowth
4210,loxia
4211,loxic
4212,loyal
4213,lubra
4214,lucet
4215,lucid
4216,lucky
4217,lucre
4218,luger
4219,lulab
4220,lumen
4221,lummy
4222,lumpy
4223,lunar
4224,lunch
4225,lunes
4226,lunge
4227,lungi
4228,lungy
4229,lupis
4230,lupus
4231,lural
4232,lurch
4233,lurer
4234,lurid
4235,lurky
4236,lurry
4237,lushy
4238,lusky
4239,lusty
4240,luteo
4241,luter
4242,luxus
4243,lyard
4244,lycid
4245,lyery
4246,lying
4247,lymph
4248,lynch
4249,lyric
4250,lysin
4251,lysis
4252,lyssa
4253,lytic
4254,lytta
4255,macan
4256,macao
4257,macaw
4258,macco
4259,macer
4260,machi
4261,macle
4262,macro
4263,madam
4264,madid
4265,madly
4266,mafic
4267,mafoo
4268,magas
4269,magic
4270,magma
4271,magot
4272,mahar
4273,mahoe
4274,mahua
4275,maidy
4276,maiid
4277,mains
4278,maint
4279,maire
4280,maize
4281,major
4282,maker
4283,makuk
4284,malar
4285,malax
4286,maleo
4287,malic
4288,malik
4289,malmy
4290,malty
4291,mamba
4292,mambo
4293,mamma
4294,mammy
4295,manal
4296,manas
4297,maned
4298,manei
4299,manes
4300,maney
4301,manga
4302,mange
4303,mangi
4304,mango
4305,mangy
4306,mania
4307,manic
4308,manid
4309,maniu
4310,manly
4311,manna
4312,manny
4313,manoc
4314,manor
4315,manse
4316,manso
4317,manta
4318,manto
4319,manul
4320,manus
4321,mapau
4322,maple
4323,mappy
4324,maqui
4325,marae
4326,maral
4327,march
4328,marco
4329,mardy
4330,marge
4331,maria
4332,marid
4333,maris
4334,marka
4335,marli
4336,marly
4337,marok
4338,marry
4339,marsh
4340,masha
4341,mashy
4342,mason
4343,massa
4344,masse
4345,massy
4346,masty
4347,matai
4348,matax
4349,match
4350,mater
4351,matey
4352,matin
4353,matka
4354,matra
4355,matsu
4356,matta
4357,matte
4358,matti
4359,matzo
4360,maugh
4361,maund
4362,mauve
4363,mavis
4364,mawky
4365,maxim
4366,maybe
4367,maynt
4368,mayor
4369,mazed
4370,mazer
4371,mazic
4372,mazut
4373,mbori
4374,mealy
4375,meant
4376,mease
4377,meaty
4378,mecon
4379,medal
4380,media
4381,medic
4382,medio
4383,meece
4384,meese
4385,meile
4386,meith
4387,melam
4388,melch
4389,melee
4390,melic
4391,meloe
4392,melon
4393,melos
4394,mends
4395,mensa
4396,mense
4397,mensk
4398,merch
4399,mercy
4400,merel
4401,merge
4402,mergh
4403,meril
4404,merit
4405,merle
4406,merop
4407,meros
4408,merry
4409,merse
4410,mesad
4411,mesal
4412,mesem
4413,meshy
4414,mesic
4415,mesne
4416,meson
4417,messe
4418,messy
4419,metad
4420,metal
4421,metel
4422,meter
4423,metic
4424,metis
4425,metra
4426,metze
4427,meuse
4428,meute
4429,mewer
4430,mezzo
4431,miaow
4432,miasm
4433,miaul
4434,miche
4435,micht
4436,micro
4437,middy
4438,midge
4439,midgy
4440,midst
4441,miffy
4442,might
4443,mikie
4444,milch
4445,miler
4446,milha
4447,milky
4448,milla
4449,mille
4450,milpa
4451,milty
4452,mimeo
4453,mimer
4454,mimic
4455,mimly
4456,minar
4457,mince
4458,miner
4459,mines
4460,minge
4461,mingy
4462,minim
4463,minny
4464,minor
4465,minot
4466,minty
4467,minus
4468,miqra
4469,mirid
4470,mirth
4471,mirza
4472,misdo
4473,miser
4474,misgo
4475,misky
4476,missy
4477,misty
4478,miter
4479,mitis
4480,mitra
4481,mitre
4482,mitty
4483,mixed
4484,mixen
4485,mixer
4486,mizzy
4487,mneme
4488,mobby
4489,mobed
4490,moble
4491,mocha
4492,modal
4493,model
4494,moggy
4495,mohar
4496,mohel
4497,mohur
4498,moire
4499,moise
4500,moist
4501,moity
4502,mokum
4503,molal
4504,molar
4505,moldy
4506,moler
4507,molka
4508,molle
4509,molly
4510,molpe
4511,momme
4512,mommy
4513,monad
4514,monal
4515,monas
4516,monel
4517,moner
4518,money
4519,monny
4520,monte
4521,month
4522,mooch
4523,moody
4524,mools
4525,moony
4526,moorn
4527,moors
4528,moory
4529,moosa
4530,moose
4531,moost
4532,mooth
4533,moper
4534,mopla
4535,moppy
4536,mopsy
4537,mopus
4538,moral
4539,morat
4540,moray
4541,morel
4542,mores
4543,morga
4544,moric
4545,morin
4546,mormo
4547,morne
4548,moroc
4549,moron
4550,morph
4551,morse
4552,morth
4553,mosey
4554,mossy
4555,moste
4556,moted
4557,motel
4558,moter
4559,motet
4560,motey
4561,mothy
4562,motif
4563,motor
4564,motte
4565,motto
4566,moudy
4567,mould
4568,moule
4569,mouls
4570,mouly
4571,mound
4572,mount
4573,mourn
4574,mouse
4575,mousy
4576,mouth
4577,mover
4578,movie
4579,mowch
4580,mower
4581,mowha
4582,mowie
4583,mowra
4584,mowse
4585,mowth
4586,moyen
4587,moyle
4588,mpret
4589,muang
4590,mucic
4591,mucid
4592,mucin
4593,mucky
4594,mucor
4595,mucro
4596,mucus
4597,mudar
4598,mudde
4599,muddy
4600,mudee
4601,mudir
4602,mudra
4603,muffy
4604,mufti
4605,mufty
4606,muggy
4607,muist
4608,mukti
4609,mulch
4610,mulct
4611,muley
4612,mulga
4613,mulla
4614,mulse
4615,mummy
4616,mumps
4617,munch
4618,munga
4619,munge
4620,mungo
4621,mungy
4622,mural
4623,murex
4624,murga
4625,murid
4626,murky
4627,murly
4628,murra
4629,murre
4630,murva
4631,murza
4632,musal
4633,musar
4634,mused
4635,muser
4636,musha
4637,mushy
4638,music
4639,musie
4640,musky
4641,mussy
4642,musty
4643,mutch
4644,mutic
4645,muzzy
4646,myall
4647,myoid
4648,myoma
4649,myope
4650,myops
4651,myopy
4652,myron
4653,myrrh
4654,mysel
4655,mysid
4656,nabak
4657,nabla
4658,nable
4659,nabob
4660,nacre
4661,nacry
4662,nadir
4663,naggy
4664,naght
4665,nagor
4666,naiad
4667,naily
4668,nairy
4669,naish
4670,naive
4671,naked
4672,naker
4673,nakoo
4674,namaz
4675,namda
4676,namer
4677,nancy
4678,nandi
4679,nandu
4680,nanes
4681,nanga
4682,nanny
4683,napal
4684,napoo
4685,nappe
4686,nappy
4687,nares
4688,naric
4689,narky
4690,narra
4691,nasab
4692,nasal
4693,nasch
4694,nasty
4695,nasus
4696,natal
4697,natch
4698,nates
4699,nathe
4700,natty
4701,naumk
4702,naunt
4703,naval
4704,navar
4705,navel
4706,navet
4707,navew
4708,navvy
4709,nawab
4710,nazim
4711,nazir
4712,neath
4713,nebby
4714,nebel
4715,neddy
4716,needs
4717,needy
4718,neeld
4719,neele
4720,neese
4721,neeze
4722,neffy
4723,neger
4724,negro
4725,negus
4726,neigh
4727,neist
4728,nenta
4729,neoza
4730,neper
4731,nerve
4732,nervy
4733,nesty
4734,neter
4735,netop
4736,netty
4737,neuma
4738,neume
4739,nevel
4740,never
4741,nevoy
4742,nevus
4743,newel
4744,newly
4745,newsy
4746,nexal
4747,nexum
4748,nexus
4749,ngaio
4750,ngapi
4751,niata
4752,nibby
4753,niche
4754,nicky
4755,nidal
4756,nidge
4757,nidor
4758,nidus
4759,niece
4760,niepa
4761,nieve
4762,nific
4763,nifle
4764,nifty
4765,night
4766,nigre
4767,nigua
4768,nikau
4769,nimbi
4770,ninny
4771,ninon
4772,ninth
4773,nintu
4774,ninut
4775,niota
4776,nippy
4777,nisei
4778,nisse
4779,nisus
4780,nitch
4781,niter
4782,nitid
4783,niton
4784,nitro
4785,nitty
4786,nival
4787,nixie
4788,nizam
4789,njave
4790,nobby
4791,noble
4792,nobly
4793,nodal
4794,noddy
4795,noded
4796,nodus
4797,nogal
4798,nohow
4799,noily
4800,noint
4801,noise
4802,noisy
4803,nokta
4804,nolle
4805,nomad
4806,nomic
4807,nomos
4808,nonce
4809,nonda
4810,nondo
4811,nones
4812,nonet
4813,nonic
4814,nonly
4815,nonya
4816,nonyl
4817,nooky
4818,noose
4819,nopal
4820,noria
4821,norie
4822,norma
4823,north
4824,nosed
4825,noser
4826,nosey
4827,notal
4828,notan
4829,notch
4830,noted
4831,noter
4832,notum
4833,novel
4834,novem
4835,noway
4836,nowed
4837,nowel
4838,noxal
4839,noyau
4840,nubby
4841,nubia
4842,nucal
4843,nucha
4844,nucin
4845,nudge
4846,nullo
4847,numda
4848,numen
4849,nummi
4850,numud
4851,nunch
4852,nunky
4853,nunni
4854,nuque
4855,nurly
4856,nurse
4857,nursy
4858,nutty
4859,nylon
4860,nymil
4861,nymph
4862,nyxis
4863,oadal
4864,oaken
4865,oakum
4866,oared
4867,oaric
4868,oasal
4869,oases
4870,oasis
4871,oaten
4872,obeah
4873,obese
4874,obley
4875,obole
4876,occur
4877,ocean
4878,ocher
4879,ochro
4880,ocote
4881,ocque
4882,ocrea
4883,octad
4884,octan
4885,octet
4886,octic
4887,octyl
4888,ocuby
4889,oddly
4890,odeon
4891,odeum
4892,odist
4893,odium
4894,odoom
4895,oecus
4896,oenin
4897,offal
4898,offer
4899,often
4900,ofter
4901,oftly
4902,ogeed
4903,ogham
4904,ogive
4905,ogler
4906,ogmic
4907,ohelo
4908,ohmic
4909,oiled
4910,oiler
4911,oisin
4912,okapi
4913,okrug
4914,olden
4915,older
4916,oleic
4917,olein
4918,olena
4919,olent
4920,oliva
4921,olive
4922,ology
4923,olona
4924,omber
4925,omega
4926,omina
4927,omlah
4928,oncia
4929,oncin
4930,onery
4931,onion
4932,onium
4933,onkos
4934,onlay
4935,onset
4936,ontal
4937,onymy
4938,oolak
4939,oolly
4940,oopak
4941,oopod
4942,ootid
4943,opera
4944,ophic
4945,opine
4946,opium
4947,optic
4948,orach
4949,orage
4950,orang
4951,orant
4952,orary
4953,orate
4954,orbed
4955,orbic
4956,orbit
4957,orcin
4958,order
4959,oread
4960,organ
4961,orgia
4962,orgic
4963,orgue
4964,oribi
4965,oriel
4966,orlet
4967,orlop
4968,ormer
4969,ornis
4970,orris
4971,orsel
4972,ortet
4973,ortho
4974,oscin
4975,osela
4976,oshac
4977,oside
4978,osier
4979,osmic
4980,osmin
4981,osone
4982,ossal
4983,otary
4984,otate
4985,other
4986,otkon
4987,ottar
4988,otter
4989,ouabe
4990,ought
4991,oukia
4992,oulap
4993,ounce
4994,ounds
4995,ouphe
4996,ourie
4997,outby
4998,outdo
4999,outed
5000,outen
5001,outer
5002,outgo
5003,outly
5004,outre
5005,ouzel
5006,ovant
5007,ovary
5008,ovate
5009,overt
5010,ovest
5011,ovile
5012,ovine
5013,ovism
5014,ovist
5015,ovoid
5016,ovolo
5017,ovule
5018,owght
5019,owing
5020,owler
5021,owlet
5022,owner
5023,owsen
5024,owser
5025,oxane
5026,oxbow
5027,oxboy
5028,oxeye
5029,oxfly
5030,oxide
5031,oxime
5032,oxlip
5033,oxman
5034,oxter
5035,ozena
5036,ozone
5037,paauw
5038,pablo
5039,pacay
5040,paced
5041,pacer
5042,paddy
5043,padge
5044,padle
5045,padre
5046,paean
5047,paeon
5048,pagan
5049,pager
5050,pagus
5051,pahmi
5052,paint
5053,paisa
5054,palar
5055,palas
5056,palay
5057,palch
5058,palea
5059,paled
5060,paler
5061,palet
5062,palla
5063,palli
5064,pally
5065,palma
5066,palmo
5067,palmy
5068,palpi
5069,palsy
5070,palus
5071,panax
5072,panda
5073,pandy
5074,paned
5075,panel
5076,pangi
5077,panic
5078,panne
5079,panse
5080,pansy
5081,panto
5082,pants
5083,panty
5084,paolo
5085,papal
5086,papaw
5087,paper
5088,papey
5089,pappi
5090,pappy
5091,papyr
5092,parah
5093,param
5094,parao
5095,parch
5096,pardo
5097,parel
5098,paren
5099,parer
5100,parge
5101,pargo
5102,parka
5103,parky
5104,parle
5105,parly
5106,parma
5107,parol
5108,parry
5109,parse
5110,parto
5111,party
5112,pasan
5113,pasha
5114,pashm
5115,pasmo
5116,passe
5117,passo
5118,paste
5119,pasty
5120,pasul
5121,patao
5122,patas
5123,patch
5124,patel
5125,paten
5126,pater
5127,pathy
5128,patio
5129,patly
5130,patta
5131,patte
5132,pattu
5133,patty
5134,pause
5135,pauxi
5136,pavan
5137,paver
5138,pavid
5139,pavis
5140,pawer
5141,pawky
5142,payed
5143,payee
5144,payer
5145,payor
5146,peace
5147,peach
5148,peage
5149,peaky
5150,pearl
5151,peart
5152,peasy
5153,peaty
5154,peavy
5155,pecan
5156,pecht
5157,pecky
5158,pedal
5159,pedee
5160,pedes
5161,pedro
5162,pedum
5163,peele
5164,peeoy
5165,peepy
5166,peery
5167,peeve
5168,peggy
5169,peine
5170,peise
5171,pekan
5172,pekin
5173,pekoe
5174,pelon
5175,pelta
5176,penal
5177,pence
5178,penda
5179,pengo
5180,penis
5181,penna
5182,penni
5183,penny
5184,pensy
5185,penta
5186,peony
5187,peppy
5188,perch
5189,perdu
5190,peres
5191,peril
5192,perit
5193,perky
5194,perle
5195,perry
5196,perse
5197,perty
5198,pesky
5199,peste
5200,petal
5201,peter
5202,petit
5203,petre
5204,petty
5205,peuhl
5206,pewee
5207,pewit
5208,pfund
5209,phage
5210,phano
5211,phare
5212,phase
5213,phasm
5214,pheal
5215,phene
5216,pheon
5217,phial
5218,phoby
5219,phoca
5220,phone
5221,phono
5222,phony
5223,phose
5224,photo
5225,phyla
5226,phyle
5227,phyma
5228,piaba
5229,piano
5230,pical
5231,pichi
5232,picky
5233,picot
5234,picra
5235,picul
5236,pidan
5237,piece
5238,piend
5239,piety
5240,piezo
5241,piggy
5242,pigly
5243,piked
5244,pikel
5245,piker
5246,pikey
5247,pikle
5248,pilar
5249,pilau
5250,pilch
5251,piled
5252,piler
5253,piles
5254,pilin
5255,pilmy
5256,pilon
5257,pilot
5258,pilum
5259,pilus
5260,pinax
5261,pinch
5262,pinda
5263,pindy
5264,pined
5265,piner
5266,piney
5267,pinic
5268,pinky
5269,pinna
5270,pinny
5271,pinon
5272,pinta
5273,pinte
5274,pinto
5275,pinyl
5276,pious
5277,pipal
5278,piped
5279,piper
5280,pipet
5281,pipit
5282,pippy
5283,pique
5284,pirny
5285,pirol
5286,pisay
5287,pisco
5288,pishu
5289,pisky
5290,pitau
5291,pitch
5292,pithy
5293,piuri
5294,pivot
5295,pixie
5296,pizza
5297,place
5298,plack
5299,plaga
5300,plage
5301,plaid
5302,plain
5303,plait
5304,plane
5305,plang
5306,plank
5307,plant
5308,plash
5309,plasm
5310,plass
5311,plate
5312,platy
5313,plaud
5314,playa
5315,plaza
5316,plead
5317,pleat
5318,plebe
5319,plebs
5320,pleck
5321,pleny
5322,pleon
5323,plica
5324,plied
5325,plier
5326,plies
5327,ploat
5328,ploce
5329,plock
5330,plomb
5331,plook
5332,plote
5333,plouk
5334,plout
5335,pluck
5336,pluff
5337,pluma
5338,plumb
5339,plume
5340,plump
5341,plumy
5342,plunk
5343,plush
5344,plyer
5345,poach
5346,pobby
5347,poche
5348,pocky
5349,podal
5350,poddy
5351,podex
5352,podge
5353,podgy
5354,poesy
5355,pogge
5356,poggy
5357,pohna
5358,poilu
5359,poind
5360,point
5361,poise
5362,poked
5363,poker
5364,pokey
5365,polar
5366,poler
5367,poley
5368,polio
5369,polis
5370,polka
5371,polos
5372,polyp
5373,pombe
5374,pombo
5375,pomey
5376,pomme
5377,pommy
5378,pompa
5379,ponce
5380,pondy
5381,poney
5382,ponga
5383,ponja
5384,ponto
5385,pooch
5386,pooka
5387,pooli
5388,pooly
5389,popal
5390,poppa
5391,poppy
5392,poral
5393,porch
5394,pored
5395,porer
5396,porge
5397,porgy
5398,porky
5399,poros
5400,porry
5401,porta
5402,porto
5403,porty
5404,porus
5405,posca
5406,poser
5407,posey
5408,posit
5409,posse
5410,potch
5411,poter
5412,potoo
5413,potto
5414,potty
5415,pouce
5416,pouch
5417,poulp
5418,poult
5419,pound
5420,pouty
5421,power
5422,poyou
5423,praam
5424,prana
5425,prank
5426,prase
5427,prate
5428,prawn
5429,praya
5430,preen
5431,press
5432,prest
5433,prexy
5434,price
5435,prich
5436,prick
5437,pride
5438,pridy
5439,pried
5440,prier
5441,prill
5442,prima
5443,prime
5444,primp
5445,primy
5446,prine
5447,prink
5448,print
5449,prion
5450,prior
5451,prism
5452,priss
5453,prius
5454,privy
5455,prize
5456,proal
5457,probe
5458,proem
5459,proke
5460,prone
5461,prong
5462,proof
5463,props
5464,prore
5465,prose
5466,proso
5467,pross
5468,prosy
5469,prote
5470,proto
5471,prove
5472,prowl
5473,proxy
5474,prude
5475,prune
5476,prunt
5477,pryer
5478,pryse
5479,psalm
5480,pshaw
5481,psoas
5482,psora
5483,psych
5484,pubal
5485,pubes
5486,pubic
5487,pubis
5488,pucka
5489,puddy
5490,pudge
5491,pudgy
5492,pudic
5493,pudsy
5494,puffy
5495,puggi
5496,puggy
5497,pugil
5498,puist
5499,puker
5500,puler
5501,pulka
5502,pulli
5503,pulpy
5504,pulse
5505,punch
5506,punct
5507,punga
5508,pungi
5509,punky
5510,punta
5511,punti
5512,punto
5513,punty
5514,pupal
5515,pupil
5516,puppy
5517,purdy
5518,pured
5519,puree
5520,purer
5521,purga
5522,purge
5523,purre
5524,purry
5525,purse
5526,pursy
5527,pussy
5528,putid
5529,putty
5530,pyche
5531,pygal
5532,pygmy
5533,pylar
5534,pylic
5535,pylon
5536,pyoid
5537,pyral
5538,pyran
5539,pyrex
5540,pyxie
5541,pyxis
5542,quack
5543,quaff
5544,quail
5545,quake
5546,quaky
5547,quale
5548,qualm
5549,quant
5550,quare
5551,quark
5552,quarl
5553,quart
5554,quash
5555,quasi
5556,quata
5557,quauk
5558,quave
5559,quawk
5560,qubba
5561,queak
5562,queal
5563,quean
5564,queen
5565,queer
5566,queet
5567,quegh
5568,quell
5569,queme
5570,querl
5571,quern
5572,query
5573,quest
5574,queue
5575,quica
5576,quick
5577,quiet
5578,quiff
5579,quila
5580,quill
5581,quilt
5582,quina
5583,quink
5584,quint
5585,quipo
5586,quipu
5587,quira
5588,quire
5589,quirk
5590,quirl
5591,quirt
5592,quite
5593,quits
5594,quoin
5595,quoit
5596,quota
5597,quote
5598,quoth
5599,raash
5600,rabat
5601,rabbi
5602,rabic
5603,rabid
5604,racer
5605,rache
5606,racon
5607,radar
5608,radii
5609,radio
5610,radix
5611,radon
5612,raffe
5613,rafty
5614,rager
5615,raggy
5616,rainy
5617,raise
5618,rajah
5619,rakan
5620,raker
5621,rakit
5622,rally
5623,ralph
5624,ramal
5625,ramed
5626,ramet
5627,ramex
5628,ramie
5629,rammy
5630,ramus
5631,ranal
5632,rance
5633,ranch
5634,randy
5635,range
5636,rangy
5637,ranid
5638,ranny
5639,ranty
5640,raper
5641,raphe
5642,rapic
5643,rapid
5644,rappe
5645,rasen
5646,raser
5647,raspy
5648,rasse
5649,ratal
5650,ratch
5651,rated
5652,ratel
5653,rater
5654,rathe
5655,ratio
5656,ratti
5657,ratty
5658,ratwa
5659,rauli
5660,raupo
5661,ravel
5662,raven
5663,raver
5664,ravin
5665,rayed
5666,rayon
5667,razee
5668,razer
5669,razoo
5670,razor
5671,reaal
5672,reach
5673,react
5674,readd
5675,ready
5676,realm
5677,reamy
5678,rearm
5679,reask
5680,reasy
5681,reave
5682,rebab
5683,rebag
5684,reban
5685,rebar
5686,rebec
5687,rebed
5688,rebeg
5689,rebel
5690,rebia
5691,rebid
5692,rebob
5693,rebop
5694,rebox
5695,rebud
5696,rebus
5697,rebut
5698,rebuy
5699,recap
5700,recce
5701,recco
5702,reccy
5703,recon
5704,recta
5705,recti
5706,recto
5707,recur
5708,recut
5709,redan
5710,reddy
5711,redia
5712,redig
5713,redip
5714,redly
5715,redox
5716,redry
5717,redub
5718,redue
5719,redux
5720,redye
5721,reedy
5722,reefy
5723,reeky
5724,reese
5725,reesk
5726,reest
5727,reeve
5728,refan
5729,refel
5730,refer
5731,refit
5732,refix
5733,refly
5734,regal
5735,reges
5736,reget
5737,regia
5738,regin
5739,regle
5740,regma
5741,regur
5742,rehoe
5743,reify
5744,reign
5745,reina
5746,reins
5747,relap
5748,relax
5749,relay
5750,relet
5751,relic
5752,relot
5753,reman
5754,remap
5755,remex
5756,remit
5757,remix
5758,remop
5759,renal
5760,reneg
5761,renes
5762,renet
5763,renew
5764,renin
5765,renky
5766,renne
5767,reoil
5768,reown
5769,repay
5770,repeg
5771,repel
5772,repen
5773,repew
5774,repic
5775,repin
5776,reply
5777,repot
5778,reree
5779,rerig
5780,rerob
5781,rerow
5782,rerub
5783,rerun
5784,resaw
5785,resay
5786,resee
5787,reset
5788,resew
5789,resex
5790,resin
5791,resow
5792,resty
5793,resue
5794,resun
5795,resup
5796,retag
5797,retan
5798,retax
5799,retch
5800,retem
5801,rethe
5802,retia
5803,retie
5804,retin
5805,retip
5806,retry
5807,reune
5808,reuse
5809,revel
5810,rever
5811,revet
5812,revie
5813,revue
5814,rewax
5815,rewed
5816,rewet
5817,rewin
5818,rexen
5819,rhamn
5820,rheen
5821,rheic
5822,rhein
5823,rhema
5824,rheme
5825,rheum
5826,rhine
5827,rhino
5828,rhomb
5829,rhumb
5830,rhyme
5831,rhymy
5832,riant
5833,riata
5834,ribat
5835,ribby
5836,ricer
5837,ricey
5838,richt
5839,ricin
5840,riden
5841,rider
5842,ridge
5843,ridgy
5844,rifle
5845,rifty
5846,right
5847,rigid
5848,rigol
5849,rigor
5850,riley
5851,rilly
5852,rimal
5853,rimer
5854,rimpi
5855,rinch
5856,rindy
5857,ringe
5858,ringy
5859,rinka
5860,rinse
5861,ripal
5862,ripen
5863,riper
5864,ripup
5865,risen
5866,riser
5867,rishi
5868,risky
5869,ritzy
5870,rival
5871,rivel
5872,riven
5873,river
5874,rivet
5875,riyal
5876,roach
5877,roast
5878,rober
5879,robin
5880,roble
5881,robot
5882,robur
5883,rocky
5884,rocta
5885,rodeo
5886,rodge
5887,rogan
5888,roger
5889,rogue
5890,rohan
5891,rohob
5892,rohun
5893,roily
5894,rokee
5895,roker
5896,rokey
5897,roleo
5898,romal
5899,rompu
5900,rompy
5901,ronco
5902,ronde
5903,rondo
5904,roofy
5905,rooky
5906,roomy
5907,roosa
5908,roost
5909,rooty
5910,roove
5911,roper
5912,ropes
5913,roque
5914,roral
5915,roric
5916,rorty
5917,rosal
5918,rosed
5919,rosel
5920,roset
5921,rosin
5922,rotal
5923,rotan
5924,rotch
5925,roter
5926,rotge
5927,rotor
5928,rouge
5929,rough
5930,rougy
5931,rouky
5932,round
5933,roupy
5934,rouse
5935,roust
5936,route
5937,routh
5938,rover
5939,rovet
5940,rowan
5941,rowdy
5942,rowed
5943,rowel
5944,rowen
5945,rower
5946,rowet
5947,rowty
5948,royal
5949,royet
5950,rozum
5951,ruach
5952,ruana
5953,ruble
5954,rubor
5955,ruche
5956,rucky
5957,rudas
5958,ruddy
5959,rudge
5960,rufus
5961,ruggy
5962,ruing
5963,ruler
5964,rumal
5965,rumbo
5966,rumen
5967,rumly
5968,rummy
5969,rumor
5970,runby
5971,runch
5972,runed
5973,runer
5974,runic
5975,runny
5976,runty
5977,rupee
5978,rupia
5979,rupie
5980,rural
5981,rushy
5982,rusky
5983,rusma
5984,rusot
5985,rusty
5986,rutch
5987,rutic
5988,rutin
5989,rutty
5990,rutyl
5991,ruvid
5992,rybat
5993,ryder
5994,saber
5995,sable
5996,sably
5997,sabot
5998,sabra
5999,sabzi
6000,sacra
6001,sacro
6002,sadhe
6003,sadhu
6004,sadic
6005,sadly
6006,safen
6007,saggy
6008,sagum
6009,sahib
6010,sahme
6011,saiga
6012,saily
6013,saimy
6014,saint
6015,sairy
6016,sajou
6017,saker
6018,salad
6019,salal
6020,salar
6021,salat
6022,salay
6023,salep
6024,salic
6025,salix
6026,salle
6027,sally
6028,salma
6029,salol
6030,salon
6031,salpa
6032,salse
6033,salta
6034,salty
6035,salve
6036,salvo
6037,salvy
6038,samaj
6039,saman
6040,samba
6041,sambo
6042,samel
6043,samen
6044,sammy
6045,sampi
6046,sanai
6047,sanct
6048,sandy
6049,sanga
6050,sansi
6051,sapan
6052,sapek
6053,sapid
6054,sapin
6055,saple
6056,sapor
6057,sappy
6058,saraf
6059,sargo
6060,sarif
6061,sarip
6062,sarna
6063,sarod
6064,saron
6065,saros
6066,sarpo
6067,sarra
6068,sarsa
6069,sarus
6070,sasan
6071,sasin
6072,sassy
6073,satan
6074,satin
6075,satyr
6076,sauce
6077,saucy
6078,saugh
6079,sauld
6080,sault
6081,sauna
6082,saury
6083,saute
6084,sauty
6085,sauve
6086,saved
6087,saver
6088,savin
6089,savor
6090,savoy
6091,savvy
6092,sawah
6093,sawed
6094,sawer
6095,sayer
6096,sayid
6097,sazen
6098,scads
6099,scaff
6100,scala
6101,scald
6102,scale
6103,scall
6104,scalp
6105,scalt
6106,scaly
6107,scamp
6108,scant
6109,scape
6110,scare
6111,scarf
6112,scarn
6113,scarp
6114,scart
6115,scary
6116,scase
6117,scaul
6118,scaum
6119,scaup
6120,scaur
6121,scaut
6122,scawd
6123,scawl
6124,sceat
6125,scena
6126,scend
6127,scene
6128,scent
6129,schuh
6130,schwa
6131,scind
6132,scion
6133,sclaw
6134,scler
6135,sclim
6136,scoad
6137,scobs
6138,scoff
6139,scoke
6140,scolb
6141,scold
6142,scone
6143,scoon
6144,scoop
6145,scoot
6146,scopa
6147,scope
6148,scops
6149,score
6150,scorn
6151,scote
6152,scouk
6153,scoup
6154,scour
6155,scout
6156,scove
6157,scovy
6158,scowl
6159,scrab
6160,scrae
6161,scrag
6162,scram
6163,scran
6164,scrap
6165,scrat
6166,scraw
6167,scray
6168,scree
6169,screw
6170,scrim
6171,scrin
6172,scrip
6173,scrob
6174,scrod
6175,scrog
6176,scroo
6177,scrow
6178,scrub
6179,scruf
6180,scrum
6181,scudi
6182,scudo
6183,scuff
6184,scuft
6185,scull
6186,sculp
6187,scurf
6188,scuse
6189,scuta
6190,scute
6191,seamy
6192,seary
6193,seave
6194,seavy
6195,sebum
6196,secos
6197,secre
6198,sedan
6199,sedge
6200,sedgy
6201,sedum
6202,seech
6203,seedy
6204,seege
6205,seely
6206,seepy
6207,segol
6208,seine
6209,seise
6210,seism
6211,seity
6212,seize
6213,sekos
6214,selah
6215,sella
6216,selly
6217,selva
6218,semen
6219,semic
6220,semis
6221,senam
6222,sence
6223,senna
6224,sensa
6225,sense
6226,senso
6227,sepad
6228,sepal
6229,sepia
6230,sepic
6231,sepoy
6232,septa
6233,sequa
6234,serab
6235,serai
6236,seral
6237,serau
6238,seraw
6239,sereh
6240,serge
6241,serif
6242,serin
6243,serio
6244,sermo
6245,seron
6246,serow
6247,serra
6248,serry
6249,serta
6250,serum
6251,serut
6252,serve
6253,servo
6254,sesma
6255,sesti
6256,setae
6257,setal
6258,seton
6259,setup
6260,seugh
6261,seven
6262,sever
6263,sewan
6264,sewed
6265,sewen
6266,sewer
6267,sexed
6268,sexly
6269,sexto
6270,sfoot
6271,shack
6272,shade
6273,shady
6274,shaft
6275,shahi
6276,shake
6277,shako
6278,shaku
6279,shaky
6280,shale
6281,shall
6282,shalt
6283,shaly
6284,shama
6285,shame
6286,shank
6287,shant
6288,shape
6289,shaps
6290,shapy
6291,shard
6292,share
6293,shark
6294,sharn
6295,sharp
6296,shaul
6297,shaup
6298,shave
6299,shawl
6300,shawm
6301,shawy
6302,sheaf
6303,sheal
6304,shear
6305,sheat
6306,sheen
6307,sheep
6308,sheer
6309,sheet
6310,sheik
6311,shela
6312,sheld
6313,shelf
6314,shell
6315,shend
6316,sheng
6317,sheth
6318,sheva
6319,shewa
6320,shice
6321,shide
6322,shied
6323,shiel
6324,shier
6325,shies
6326,shift
6327,shiko
6328,shilf
6329,shill
6330,shine
6331,shiny
6332,shire
6333,shirk
6334,shirl
6335,shirr
6336,shirt
6337,shish
6338,shisn
6339,shita
6340,shive
6341,shivy
6342,shoad
6343,shoal
6344,shoat
6345,shock
6346,shode
6347,shoer
6348,shogi
6349,shoji
6350,shola
6351,shole
6352,shone
6353,shood
6354,shooi
6355,shook
6356,shool
6357,shoop
6358,shoor
6359,shoot
6360,shore
6361,shorn
6362,short
6363,shote
6364,shott
6365,shout
6366,shove
6367,shown
6368,showy
6369,shoya
6370,shrab
6371,shraf
6372,shrag
6373,shram
6374,shrap
6375,shred
6376,shree
6377,shrew
6378,shrip
6379,shrog
6380,shrub
6381,shrug
6382,shuba
6383,shuck
6384,shuff
6385,shune
6386,shunt
6387,shure
6388,shurf
6389,shush
6390,shyer
6391,shyly
6392,sibby
6393,sibyl
6394,sicca
6395,sided
6396,sider
6397,sides
6398,sidhe
6399,sidle
6400,sidth
6401,siege
6402,sieve
6403,sievy
6404,sifac
6405,sight
6406,sigil
6407,sigla
6408,sigma
6409,sikar
6410,siket
6411,silen
6412,silex
6413,silky
6414,silly
6415,silty
6416,silva
6417,silyl
6418,simal
6419,simar
6420,sinal
6421,since
6422,sinew
6423,singe
6424,singh
6425,sinky
6426,sinus
6427,siper
6428,sipid
6429,siren
6430,sirih
6431,siris
6432,sirki
6433,sirky
6434,siroc
6435,sirup
6436,sisal
6437,sisel
6438,sissy
6439,sitao
6440,sitar
6441,sitch
6442,sithe
6443,sitio
6444,situs
6445,siver
6446,sixer
6447,sixte
6448,sixth
6449,sixty
6450,sizal
6451,sizar
6452,sized
6453,sizer
6454,sizes
6455,skaff
6456,skair
6457,skart
6458,skate
6459,skean
6460,skeed
6461,skeeg
6462,skeel
6463,skeen
6464,skeer
6465,skeet
6466,skeif
6467,skein
6468,skelf
6469,skell
6470,skelp
6471,skemp
6472,skene
6473,skere
6474,skete
6475,skewl
6476,skewy
6477,skice
6478,skied
6479,skier
6480,skies
6481,skiff
6482,skift
6483,skill
6484,skime
6485,skimp
6486,skink
6487,skirl
6488,skirp
6489,skirr
6490,skirt
6491,skite
6492,skive
6493,skoal
6494,skout
6495,skulk
6496,skull
6497,skulp
6498,skunk
6499,skuse
6500,skyey
6501,skyre
6502,slack
6503,slade
6504,slain
6505,slait
6506,slake
6507,slaky
6508,slamp
6509,slane
6510,slang
6511,slank
6512,slant
6513,slape
6514,slare
6515,slart
6516,slash
6517,slate
6518,slath
6519,slaty
6520,slaum
6521,slave
6522,sleck
6523,sleek
6524,sleep
6525,sleer
6526,sleet
6527,slent
6528,slept
6529,slete
6530,slice
6531,slich
6532,slick
6533,slide
6534,slime
6535,slimy
6536,sline
6537,sling
6538,slink
6539,slipe
6540,slirt
6541,slish
6542,slite
6543,slive
6544,sloan
6545,slock
6546,sloka
6547,sloke
6548,slone
6549,slonk
6550,sloom
6551,sloop
6552,slope
6553,slops
6554,slopy
6555,slorp
6556,slosh
6557,slote
6558,sloth
6559,slour
6560,slows
6561,sloyd
6562,sluer
6563,sluig
6564,sluit
6565,slump
6566,slung
6567,slunk
6568,slurp
6569,slush
6570,slyly
6571,slype
6572,smack
6573,smaik
6574,small
6575,smalm
6576,smalt
6577,smarm
6578,smart
6579,smash
6580,smaze
6581,smear
6582,smeek
6583,smeer
6584,smell
6585,smelt
6586,smeth
6587,smich
6588,smile
6589,smily
6590,smirk
6591,smite
6592,smith
6593,smock
6594,smoke
6595,smoky
6596,smolt
6597,smook
6598,smoot
6599,smore
6600,smote
6601,smous
6602,smout
6603,smurr
6604,smuse
6605,smush
6606,smyth
6607,snack
6608,snaff
6609,snafu
6610,snail
6611,snake
6612,snaky
6613,snape
6614,snaps
6615,snapy
6616,snare
6617,snark
6618,snarl
6619,snary
6620,snath
6621,snead
6622,sneak
6623,sneap
6624,sneck
6625,sneer
6626,snell
6627,snerp
6628,snick
6629,snide
6630,sniff
6631,snift
6632,snipe
6633,snipy
6634,snirl
6635,snirt
6636,snite
6637,snivy
6638,snock
6639,snoek
6640,snoga
6641,snoke
6642,snood
6643,snook
6644,snoop
6645,snoot
6646,snore
6647,snork
6648,snort
6649,snout
6650,snowk
6651,snowl
6652,snowy
6653,snuck
6654,snuff
6655,snurl
6656,snurp
6657,snurt
6658,soaky
6659,soapy
6660,soary
6661,sobby
6662,sober
6663,socht
6664,socii
6665,socky
6666,socle
6667,soddy
6668,sodic
6669,sodio
6670,sofar
6671,softa
6672,softy
6673,soger
6674,soget
6675,soggy
6676,soily
6677,soken
6678,solan
6679,solar
6680,solay
6681,soldi
6682,soldo
6683,solea
6684,solen
6685,soler
6686,soles
6687,solid
6688,solio
6689,solod
6690,solon
6691,solum
6692,solve
6693,somal
6694,somma
6695,sonar
6696,songy
6697,sonic
6698,sonly
6699,sonny
6700,sonsy
6701,sooky
6702,soord
6703,sooth
6704,sooty
6705,sophy
6706,sopor
6707,soppy
6708,soral
6709,sorda
6710,soree
6711,sorgo
6712,sorra
6713,sorry
6714,sorty
6715,sorus
6716,sorva
6717,sotie
6718,sotol
6719,sough
6720,souly
6721,sound
6722,soupy
6723,soury
6724,souse
6725,south
6726,sowan
6727,sowar
6728,sowel
6729,sower
6730,sowle
6731,sowse
6732,sowte
6733,sozin
6734,space
6735,spack
6736,spacy
6737,spade
6738,spaer
6739,spahi
6740,spaid
6741,spaik
6742,spald
6743,spale
6744,spall
6745,spalt
6746,spane
6747,spang
6748,spank
6749,spann
6750,spare
6751,spark
6752,sparm
6753,spart
6754,spary
6755,spasm
6756,spate
6757,spave
6758,spawn
6759,speak
6760,speal
6761,spean
6762,spear
6763,spece
6764,speck
6765,specs
6766,speed
6767,speel
6768,speen
6769,speer
6770,spelk
6771,spell
6772,spelt
6773,spend
6774,spent
6775,speos
6776,sperm
6777,spewy
6778,spica
6779,spice
6780,spick
6781,spicy
6782,spied
6783,spiel
6784,spier
6785,spiff
6786,spike
6787,spiky
6788,spile
6789,spill
6790,spilt
6791,spina
6792,spine
6793,spink
6794,spiny
6795,spire
6796,spiro
6797,spirt
6798,spiry
6799,spise
6800,spite
6801,spitz
6802,splat
6803,splay
6804,splet
6805,split
6806,spode
6807,spoil
6808,spoke
6809,spoky
6810,spole
6811,spong
6812,spoof
6813,spook
6814,spool
6815,spoom
6816,spoon
6817,spoor
6818,spoot
6819,spore
6820,sport
6821,sposh
6822,spout
6823,sprad
6824,sprag
6825,sprat
6826,spray
6827,spree
6828,spret
6829,sprew
6830,sprig
6831,sprit
6832,sprod
6833,sprue
6834,sprug
6835,spuke
6836,spume
6837,spumy
6838,spung
6839,spunk
6840,spurl
6841,spurn
6842,spurt
6843,sputa
6844,spyer
6845,squab
6846,squad
6847,squam
6848,squat
6849,squaw
6850,squib
6851,squid
6852,squin
6853,squit
6854,sruti
6855,staab
6856,stack
6857,stade
6858,staff
6859,stage
6860,stagy
6861,staia
6862,staid
6863,stain
6864,staio
6865,stair
6866,stake
6867,stale
6868,stalk
6869,stall
6870,stamp
6871,stand
6872,stane
6873,stang
6874,stank
6875,stare
6876,stark
6877,starn
6878,start
6879,stary
6880,stash
6881,state
6882,stauk
6883,staun
6884,staup
6885,stave
6886,stawn
6887,stays
6888,stchi
6889,stead
6890,steak
6891,steal
6892,steam
6893,stean
6894,stech
6895,steed
6896,steek
6897,steel
6898,steen
6899,steep
6900,steer
6901,steid
6902,stein
6903,stela
6904,stele
6905,stell
6906,stema
6907,stend
6908,steng
6909,steno
6910,stent
6911,stept
6912,stere
6913,steri
6914,sterk
6915,stern
6916,stero
6917,stert
6918,stewy
6919,stich
6920,stick
6921,stife
6922,stiff
6923,stile
6924,still
6925,stilt
6926,stime
6927,stimy
6928,stine
6929,sting
6930,stink
6931,stint
6932,stion
6933,stipe
6934,stirk
6935,stirp
6936,stite
6937,stith
6938,stive
6939,stivy
6940,stoat
6941,stock
6942,stoep
6943,stoff
6944,stoga
6945,stogy
6946,stoic
6947,stoke
6948,stola
6949,stole
6950,stoma
6951,stomp
6952,stond
6953,stone
6954,stong
6955,stony
6956,stood
6957,stoof
6958,stook
6959,stool
6960,stoon
6961,stoop
6962,stoot
6963,stopa
6964,stope
6965,store
6966,stork
6967,storm
6968,story
6969,stosh
6970,stoss
6971,stoun
6972,stoup
6973,stour
6974,stout
6975,stove
6976,strad
6977,strae
6978,strag
6979,stram
6980,strap
6981,straw
6982,stray
6983,stree
6984,stret
6985,strew
6986,strey
6987,stria
6988,strid
6989,strig
6990,strip
6991,strit
6992,strix
6993,strom
6994,strop
6995,strow
6996,stroy
6997,strub
6998,strue
6999,strum
7000,strut
7001,struv
7002,stubb
7003,stuck
7004,stude
7005,study
7006,stuff
7007,stull
7008,stulm
7009,stump
7010,stung
7011,stunk
7012,stunt
7013,stupa
7014,stupe
7015,stupp
7016,sturk
7017,sturt
7018,stuss
7019,styan
7020,styca
7021,style
7022,stylo
7023,suade
7024,suant
7025,suave
7026,subah
7027,suber
7028,succi
7029,sucre
7030,suddy
7031,sudsy
7032,suede
7033,suety
7034,sugan
7035,sugar
7036,suine
7037,suing
7038,suint
7039,suist
7040,suite
7041,suity
7042,sulea
7043,sulfa
7044,sulka
7045,sulky
7046,sulla
7047,sully
7048,sumac
7049,sumph
7050,sunny
7051,sunup
7052,super
7053,surah
7054,sural
7055,surat
7056,sures
7057,surfy
7058,surge
7059,surgy
7060,surly
7061,surma
7062,surra
7063,sutor
7064,sutra
7065,swack
7066,swage
7067,swain
7068,swale
7069,swami
7070,swamp
7071,swang
7072,swank
7073,swape
7074,sward
7075,sware
7076,swarf
7077,swarm
7078,swart
7079,swash
7080,swath
7081,sweal
7082,swear
7083,sweat
7084,sweep
7085,sweer
7086,sweet
7087,swego
7088,swell
7089,swelp
7090,swelt
7091,swept
7092,swerd
7093,swick
7094,swift
7095,swile
7096,swill
7097,swimy
7098,swine
7099,swing
7100,swink
7101,swipe
7102,swipy
7103,swird
7104,swire
7105,swirl
7106,swish
7107,swiss
7108,swith
7109,swoon
7110,swoop
7111,sword
7112,swore
7113,sworn
7114,swosh
7115,swung
7116,swure
7117,sycee
7118,sylid
7119,sylph
7120,sylva
7121,synch
7122,synod
7123,syrma
7124,syrup
7125,tabby
7126,tabes
7127,tabet
7128,tabic
7129,tabid
7130,tabla
7131,table
7132,tabog
7133,taboo
7134,tabor
7135,tabut
7136,tache
7137,tacit
7138,tacky
7139,tacso
7140,taffy
7141,tafia
7142,taggy
7143,tagua
7144,tahil
7145,tahin
7146,tahua
7147,taich
7148,taiga
7149,taily
7150,taint
7151,taipo
7152,tairn
7153,taise
7154,takar
7155,taken
7156,taker
7157,takin
7158,takyr
7159,talak
7160,talao
7161,talar
7162,taled
7163,taler
7164,tales
7165,talis
7166,talky
7167,tally
7168,talma
7169,talon
7170,taluk
7171,talus
7172,tamas
7173,tambo
7174,tamer
7175,tamis
7176,tammy
7177,tanak
7178,tanan
7179,tanga
7180,tangi
7181,tango
7182,tangs
7183,tangy
7184,tanha
7185,tania
7186,tanka
7187,tanoa
7188,tansy
7189,tanti
7190,tanzy
7191,tapas
7192,tapen
7193,taper
7194,tapet
7195,tapia
7196,tapir
7197,tapis
7198,tapoa
7199,tappa
7200,tapul
7201,taqua
7202,taraf
7203,tarau
7204,tardy
7205,tarea
7206,tarfa
7207,targe
7208,tarie
7209,tarin
7210,taroc
7211,tarok
7212,tarot
7213,tarri
7214,tarry
7215,tarse
7216,tarsi
7217,tarve
7218,tasco
7219,tasse
7220,taste
7221,tasty
7222,tater
7223,tatie
7224,tatou
7225,tatta
7226,tatty
7227,taula
7228,taunt
7229,taupe
7230,taupo
7231,taver
7232,tawer
7233,tawie
7234,tawny
7235,tawpi
7236,tawse
7237,taxed
7238,taxer
7239,taxis
7240,taxon
7241,taxor
7242,tayer
7243,tayir
7244,tayra
7245,tazia
7246,tchai
7247,teach
7248,teaer
7249,teaey
7250,teart
7251,teary
7252,tease
7253,teasy
7254,teaty
7255,teave
7256,teaze
7257,techy
7258,tecon
7259,tecum
7260,tedge
7261,teems
7262,teens
7263,teeny
7264,teest
7265,teeth
7266,teety
7267,tegua
7268,teind
7269,tejon
7270,tekke
7271,tekya
7272,telar
7273,telic
7274,tellt
7275,telyn
7276,teman
7277,tembe
7278,temin
7279,tempi
7280,tempo
7281,tempt
7282,temse
7283,tenai
7284,tench
7285,tenet
7286,tengu
7287,tenio
7288,tenne
7289,tenon
7290,tenor
7291,tense
7292,tenth
7293,tenty
7294,tepal
7295,tepee
7296,tepid
7297,tepor
7298,terap
7299,teras
7300,terek
7301,tereu
7302,terma
7303,terna
7304,terne
7305,terry
7306,terse
7307,terzo
7308,testa
7309,teste
7310,testy
7311,tetch
7312,tetel
7313,tetra
7314,tewel
7315,tewer
7316,tewit
7317,tewly
7318,thack
7319,thana
7320,thane
7321,thank
7322,tharf
7323,tharm
7324,thatn
7325,thats
7326,thave
7327,thawn
7328,thawy
7329,theah
7330,theat
7331,theca
7332,theek
7333,theer
7334,theet
7335,theft
7336,thegn
7337,their
7338,thema
7339,theme
7340,theow
7341,there
7342,therm
7343,these
7344,theta
7345,thewy
7346,thick
7347,thief
7348,thigh
7349,thilk
7350,thill
7351,thine
7352,thing
7353,think
7354,thiol
7355,third
7356,thirl
7357,thirt
7358,thisn
7359,thoft
7360,thoke
7361,thole
7362,tholi
7363,thone
7364,thong
7365,thoom
7366,thore
7367,thorn
7368,thoro
7369,thorp
7370,thort
7371,those
7372,thowt
7373,thram
7374,thrap
7375,thraw
7376,three
7377,threw
7378,thrip
7379,throb
7380,throe
7381,throu
7382,throw
7383,thrum
7384,thruv
7385,thulr
7386,thumb
7387,thump
7388,thung
7389,thuoc
7390,thurl
7391,thurm
7392,thurt
7393,thyme
7394,thymy
7395,tiang
7396,tiara
7397,tibby
7398,tibet
7399,tibey
7400,tibia
7401,tical
7402,ticca
7403,ticer
7404,ticky
7405,ticul
7406,tidal
7407,tiddy
7408,tided
7409,tiffy
7410,tiger
7411,tight
7412,tikka
7413,tikor
7414,tikur
7415,tilde
7416,tiled
7417,tiler
7418,tilly
7419,tilth
7420,tilty
7421,timar
7422,timbe
7423,timbo
7424,timed
7425,timer
7426,times
7427,timid
7428,timon
7429,timor
7430,tinct
7431,tinea
7432,tined
7433,tinge
7434,tingi
7435,tinny
7436,tinta
7437,tinty
7438,tiple
7439,tippy
7440,tipsy
7441,tipup
7442,tired
7443,tirer
7444,tirma
7445,tirve
7446,tisar
7447,titar
7448,titer
7449,tithe
7450,title
7451,titre
7452,titty
7453,tiver
7454,tizzy
7455,tlaco
7456,tmema
7457,toady
7458,toast
7459,today
7460,toddy
7461,toffy
7462,togue
7463,toher
7464,toise
7465,toity
7466,tokay
7467,token
7468,tolan
7469,toldo
7470,tolly
7471,tolyl
7472,toman
7473,tombe
7474,tomin
7475,tommy
7476,tonal
7477,toned
7478,toner
7479,tonga
7480,tongs
7481,tonic
7482,tonus
7483,toosh
7484,tooth
7485,topaz
7486,topee
7487,toper
7488,topia
7489,topic
7490,toppy
7491,topsl
7492,toque
7493,torah
7494,toral
7495,toran
7496,torch
7497,tored
7498,toric
7499,torii
7500,torma
7501,torse
7502,torsk
7503,torso
7504,torta
7505,torus
7506,torve
7507,toshy
7508,tossy
7509,total
7510,totem
7511,toter
7512,totty
7513,totum
7514,touch
7515,tough
7516,tould
7517,tourn
7518,touse
7519,tousy
7520,tovar
7521,towai
7522,towan
7523,towel
7524,tower
7525,towny
7526,toxic
7527,toxin
7528,toxon
7529,toyer
7530,toyon
7531,tozee
7532,tozer
7533,trace
7534,track
7535,tract
7536,trade
7537,trady
7538,tragi
7539,traik
7540,trail
7541,train
7542,trait
7543,trama
7544,trame
7545,tramp
7546,trank
7547,trant
7548,traps
7549,trash
7550,trass
7551,trasy
7552,trave
7553,trawl
7554,tread
7555,treat
7556,treed
7557,treen
7558,treey
7559,trend
7560,tress
7561,trest
7562,trews
7563,triad
7564,trial
7565,tribe
7566,trica
7567,trice
7568,trick
7569,tried
7570,trier
7571,trifa
7572,trike
7573,trill
7574,trine
7575,trink
7576,trior
7577,tripe
7578,tripy
7579,trist
7580,trite
7581,troat
7582,troca
7583,trock
7584,troco
7585,trode
7586,troft
7587,trogs
7588,troke
7589,troll
7590,tromp
7591,trona
7592,tronc
7593,trone
7594,troop
7595,troot
7596,trope
7597,troth
7598,trout
7599,trove
7600,trubu
7601,truce
7602,truck
7603,truer
7604,truff
7605,trull
7606,truly
7607,trump
7608,trunk
7609,trush
7610,truss
7611,trust
7612,truth
7613,tryma
7614,trypa
7615,tryst
7616,tsere
7617,tsine
7618,tsuba
7619,tsubo
7620,tuarn
7621,tuart
7622,tuath
7623,tubae
7624,tubal
7625,tubar
7626,tubba
7627,tubby
7628,tuber
7629,tubig
7630,tubik
7631,tucky
7632,tucum
7633,tudel
7634,tufan
7635,tufty
7636,tugui
7637,tuism
7638,tukra
7639,tulip
7640,tulle
7641,tulsi
7642,tumid
7643,tummy
7644,tumor
7645,tunca
7646,tuned
7647,tuner
7648,tungo
7649,tunic
7650,tunna
7651,tunny
7652,tupek
7653,tupik
7654,tuque
7655,turbo
7656,turco
7657,turfy
7658,turgy
7659,turio
7660,turma
7661,turns
7662,turps
7663,turse
7664,turus
7665,tusky
7666,tutee
7667,tutin
7668,tutly
7669,tutor
7670,tutti
7671,tutty
7672,twain
7673,twale
7674,twalt
7675,twang
7676,twank
7677,twant
7678,tweag
7679,tweak
7680,tweed
7681,tweeg
7682,tweel
7683,tween
7684,tweet
7685,tweil
7686,twere
7687,twerp
7688,twice
7689,twick
7690,twill
7691,twilt
7692,twine
7693,twink
7694,twiny
7695,twire
7696,twirk
7697,twirl
7698,twist
7699,twite
7700,twixt
7701,tydie
7702,tying
7703,tyken
7704,tylus
7705,typal
7706,typer
7707,typic
7708,tyste
7709,uayeb
7710,uckia
7711,udasi
7712,udder
7713,udell
7714,uhlan
7715,uhllo
7716,uinal
7717,ukase
7718,ulcer
7719,ulema
7720,uller
7721,ulmic
7722,ulmin
7723,ulnad
7724,ulnae
7725,ulnar
7726,uloid
7727,ultra
7728,uluhi
7729,ululu
7730,umbel
7731,umber
7732,umble
7733,umbra
7734,umiak
7735,umiri
7736,umpty
7737,unact
7738,unadd
7739,unamo
7740,unapt
7741,unark
7742,unarm
7743,unary
7744,unbag
7745,unbar
7746,unbay
7747,unbed
7748,unbet
7749,unbid
7750,unbit
7751,unbog
7752,unbow
7753,unbox
7754,unboy
7755,unbud
7756,uncap
7757,uncia
7758,uncle
7759,uncoy
7760,uncus
7761,uncut
7762,undam
7763,unden
7764,under
7765,undid
7766,undig
7767,undim
7768,undog
7769,undon
7770,undry
7771,undub
7772,undue
7773,undug
7774,undye
7775,uneye
7776,unfar
7777,unfed
7778,unfew
7779,unfit
7780,unfix
7781,unfur
7782,ungag
7783,unget
7784,ungka
7785,ungod
7786,ungot
7787,ungum
7788,unhad
7789,unhap
7790,unhat
7791,unhex
7792,unhid
7793,unhit
7794,unhot
7795,uniat
7796,unice
7797,unify
7798,uninn
7799,union
7800,unite
7801,unity
7802,unjam
7803,unked
7804,unken
7805,unket
7806,unkey
7807,unkid
7808,unkin
7809,unlap
7810,unlaw
7811,unlay
7812,unled
7813,unlet
7814,unlid
7815,unlie
7816,unlit
7817,unmad
7818,unman
7819,unmet
7820,unmew
7821,unmix
7822,unnew
7823,unode
7824,unoil
7825,unold
7826,unorn
7827,unown
7828,unpeg
7829,unpen
7830,unpin
7831,unpot
7832,unput
7833,unram
7834,unray
7835,unred
7836,unrid
7837,unrig
7838,unrip
7839,unrow
7840,unrun
7841,unsad
7842,unsay
7843,unsee
7844,unset
7845,unsew
7846,unsex
7847,unshy
7848,unsin
7849,unsly
7850,unson
7851,unsty
7852,unsun
7853,untap
7854,untar
7855,untax
7856,untie
7857,until
7858,untin
7859,untop
7860,unurn
7861,unuse
7862,unwan
7863,unwax
7864,unweb
7865,unwed
7866,unwet
7867,unwig
7868,unwon
7869,unzen
7870,uparm
7871,upbar
7872,upbay
7873,upbid
7874,upbuy
7875,upcry
7876,upcut
7877,updry
7878,upeat
7879,upend
7880,upfly
7881,upget
7882,upher
7883,upjet
7884,uplay
7885,upleg
7886,upmix
7887,upper
7888,uppop
7889,uprid
7890,uprip
7891,uprun
7892,upset
7893,upsey
7894,upsit
7895,upsun
7896,upsup
7897,uptie
7898,upwax
7899,upway
7900,urali
7901,urare
7902,urari
7903,urase
7904,urate
7905,urban
7906,urbic
7907,urdee
7908,ureal
7909,uredo
7910,ureic
7911,ureid
7912,urent
7913,urger
7914,urial
7915,urine
7916,urite
7917,urlar
7918,urled
7919,urman
7920,urnae
7921,urnal
7922,ursal
7923,urson
7924,ursuk
7925,urubu
7926,urucu
7927,usage
7928,usara
7929,usent
7930,usher
7931,usnea
7932,usnic
7933,usque
7934,uster
7935,usual
7936,usure
7937,usurp
7938,usury
7939,utchy
7940,utees
7941,uteri
7942,utick
7943,utile
7944,utrum
7945,utsuk
7946,utter
7947,uvate
7948,uveal
7949,uviol
7950,uvito
7951,uvrou
7952,uvula
7953,uvver
7954,uzara
7955,vache
7956,vacoa
7957,vagal
7958,vagas
7959,vague
7960,vagus
7961,vaire
7962,vairy
7963,vajra
7964,vakia
7965,vakil
7966,valet
7967,valid
7968,valor
7969,valse
7970,value
7971,valva
7972,valve
7973,valyl
7974,vaned
7975,vapid
7976,vapor
7977,varan
7978,vardy
7979,varec
7980,varix
7981,varna
7982,varus
7983,varve
7984,vasal
7985,vasty
7986,vatic
7987,vaudy
7988,vault
7989,vaunt
7990,vealy
7991,vedro
7992,veery
7993,veily
7994,veiny
7995,velal
7996,velar
7997,veldt
7998,velic
7999,velte
8000,velum
8001,venal
8002,venie
8003,venin
8004,venom
8005,venue
8006,verby
8007,verek
8008,verge
8009,vergi
8010,verre
8011,verse
8012,verso
8013,verst
8014,verve
8015,vetch
8016,veuve
8017,vexed
8018,vexer
8019,vexil
8020,viand
8021,vibex
8022,vibix
8023,vicar
8024,video
8025,vidry
8026,vidya
8027,viewy
8028,vifda
8029,vigia
8030,vigil
8031,vigor
8032,vijao
8033,villa
8034,ville
8035,vimen
8036,vinal
8037,vinea
8038,vined
8039,viner
8040,vinic
8041,vinny
8042,vinta
8043,vinyl
8044,viola
8045,viper
8046,viral
8047,vireo
8048,virga
8049,virid
8050,viron
8051,virtu
8052,virus
8053,visie
8054,visit
8055,visne
8056,vison
8057,visor
8058,vista
8059,visto
8060,vital
8061,vitta
8062,viuva
8063,vivax
8064,viver
8065,vives
8066,vivid
8067,vixen
8068,vocal
8069,vodka
8070,vogue
8071,voice
8072,voile
8073,volar
8074,volet
8075,volva
8076,vomer
8077,vomit
8078,votal
8079,voter
8080,vouch
8081,vouge
8082,vowed
8083,vowel
8084,vower
8085,vraic
8086,vuggy
8087,vulva
8088,vying
8089,waapa
8090,wabby
8091,wacke
8092,wacky
8093,waddy
8094,wader
8095,wadna
8096,wafer
8097,wafty
8098,waged
8099,wager
8100,wages
8101,waggy
8102,wagon
8103,wahoo
8104,waily
8105,waird
8106,waise
8107,waist
8108,waive
8109,wakan
8110,waken
8111,waker
8112,wakes
8113,wakif
8114,wakon
8115,waled
8116,waler
8117,wally
8118,walsh
8119,walth
8120,waltz
8121,wamel
8122,wamus
8123,wandy
8124,waned
8125,wanga
8126,wanle
8127,wanly
8128,wanny
8129,wanty
8130,warch
8131,warly
8132,warnt
8133,warse
8134,warst
8135,warth
8136,warty
8137,warve
8138,wasel
8139,washy
8140,wasnt
8141,waspy
8142,waste
8143,wasty
8144,watap
8145,watch
8146,water
8147,wauch
8148,waugh
8149,wauns
8150,wauve
8151,waved
8152,waver
8153,wavey
8154,wawah
8155,waxen
8156,waxer
8157,weaky
8158,weald
8159,weary
8160,weave
8161,webby
8162,weber
8163,wecht
8164,wedge
8165,wedgy
8166,weeda
8167,weedy
8168,weeny
8169,weeps
8170,weepy
8171,weesh
8172,weeze
8173,wefty
8174,weigh
8175,weird
8176,weism
8177,wekau
8178,welly
8179,welsh
8180,wench
8181,wende
8182,wenny
8183,weste
8184,westy
8185,wetly
8186,wevet
8187,whack
8188,whale
8189,whalm
8190,whalp
8191,whaly
8192,whame
8193,whamp
8194,whand
8195,whang
8196,whank
8197,whare
8198,wharf
8199,wharl
8200,wharp
8201,whart
8202,whase
8203,whata
8204,whats
8205,whauk
8206,whaup
8207,whaur
8208,wheal
8209,wheam
8210,wheat
8211,wheel
8212,wheem
8213,wheen
8214,wheep
8215,wheer
8216,wheft
8217,whein
8218,wheki
8219,whelk
8220,whelm
8221,whelp
8222,where
8223,whewl
8224,whewt
8225,whiba
8226,which
8227,whick
8228,whiff
8229,whift
8230,while
8231,whilk
8232,whill
8233,whils
8234,whine
8235,whing
8236,whiny
8237,whipt
8238,whirl
8239,whish
8240,whisk
8241,whisp
8242,whist
8243,white
8244,whits
8245,whity
8246,whole
8247,whone
8248,whoof
8249,whoop
8250,whore
8251,whorl
8252,whort
8253,whose
8254,whuff
8255,whulk
8256,whush
8257,whute
8258,wicht
8259,wicky
8260,widdy
8261,widen
8262,widow
8263,width
8264,wield
8265,wifie
8266,wigan
8267,wiggy
8268,wight
8269,wilga
8270,willy
8271,wince
8272,winch
8273,windy
8274,wined
8275,winer
8276,wingy
8277,winly
8278,winna
8279,winze
8280,wiper
8281,wired
8282,wirer
8283,wirra
8284,wisen
8285,wiser
8286,wisha
8287,wisht
8288,wispy
8289,wisse
8290,wiste
8291,witan
8292,witch
8293,withe
8294,withy
8295,witty
8296,wiver
8297,wizen
8298,wloka
8299,woady
8300,woald
8301,wodge
8302,wodgy
8303,woibe
8304,wokas
8305,woldy
8306,wolve
8307,woman
8308,womby
8309,wonga
8310,wonky
8311,wonna
8312,woody
8313,wooer
8314,woofy
8315,woold
8316,woons
8317,woosh
8318,wootz
8319,woozy
8320,wordy
8321,works
8322,worky
8323,world
8324,wormy
8325,worry
8326,worse
8327,worst
8328,worth
8329,wouch
8330,wough
8331,would
8332,wound
8333,woven
8334,wrack
8335,wramp
8336,wrang
8337,wrath
8338,wrawl
8339,wreak
8340,wreat
8341,wreck
8342,wrest
8343,wrick
8344,wride
8345,wried
8346,wrier
8347,wring
8348,wrist
8349,write
8350,writh
8351,wrive
8352,wroke
8353,wrong
8354,wrote
8355,wroth
8356,wrung
8357,wryly
8358,wudge
8359,wunna
8360,wuzzy
8361,wyson
8362,wyver
8363,xebec
8364,xenia
8365,xenon
8366,xenyl
8367,xeric
8368,xoana
8369,xurel
8370,xylan
8371,xylem
8372,xylic
8373,xylol
8374,xylon
8375,xylyl
8376,xyrid
8377,xysti
8378,yabbi
8379,yabby
8380,yacal
8381,yacca
8382,yacht
8383,yagua
8384,yahan
8385,yahoo
8386,yaird
8387,yakin
8388,yakka
8389,yalla
8390,yamen
8391,yampa
8392,yamph
8393,yanky
8394,yaply
8395,yapok
8396,yappy
8397,yarak
8398,yaray
8399,yarke
8400,yarly
8401,yarth
8402,yauld
8403,yawny
8404,yeara
8405,yeard
8406,yearn
8407,yeast
8408,yerba
8409,yerga
8410,yerth
8411,yesso
8412,yesty
8413,yeuky
8414,yeven
8415,yezzy
8416,ygapo
8417,yield
8418,yince
8419,yinst
8420,yirth
8421,yocco
8422,yodel
8423,yogin
8424,yoick
8425,yojan
8426,yokel
8427,yoker
8428,yolky
8429,yomer
8430,youff
8431,young
8432,yourn
8433,yours
8434,youse
8435,youth
8436,youve
8437,youze
8438,yoven
8439,yowie
8440,yucca
8441,yucky
8442,yulan
8443,yummy
8444,yurta
8445,zabra
8446,zabti
8447,zaman
8448,zambo
8449,zante
8450,zanze
8451,zapas
8452,zayat
8453,zayin
8454,zebra
8455,zebub
8456,zeism
8457,zeist
8458,zemmi
8459,zemni
8460,zerda
8461,zesty
8462,ziara
8463,zibet
8464,ziega
8465,ziffs
8466,zihar
8467,zimbi
8468,zimme
8469,zimmi
8470,zinco
8471,zippy
8472,zirai
8473,zloty
8474,zocco
8475,zoeal
8476,zogan
8477,zoism
8478,zoist
8479,zokor
8480,zolle
8481,zombi
8482,zonal
8483,zonar
8484,zoned
8485,zonic
8486,zooid
8487,zooks
8488,zoons
8489,zoril
8490,zorro
8491,zowie
8492,zudda
8493,zygal
8494,zygon
8495,zymic
8496,zymin
8497,about
8498,after
8499,again
8500,among
8501,angle
8502,angry
8503,apple
8504,awake
8505,basin
8506,berry
8507,birth
8508,black
8509,blade
8510,blood
8511,board
8512,brain
8513,brake
8514,brass
8515,bread
8516,brick
8517,brown
8518,brush
8519,burst
8520,cause
8521,chain
8522,chalk
8523,cheap
8524,chest
8525,chief
8526,clean
8527,clear
8528,clock
8529,cloth
8530,cloud
8531,cough
8532,cover
8533,crack
8534,crime
8535,cruel
8536,crush
8537,curve
8538,death
8539,dirty
8540,doubt
8541,drain
8542,dress
8543,drink
8544,early
8545,earth
8546,equal
8547,error
8548,event
8549,every
8550,false
8551,field
8552,fight
8553,first
8554,fixed
8555,flame
8556,floor
8557,force
8558,frame
8559,front
8560,fruit
8561,glass
8562,glove
8563,grain
8564,grass
8565,great
8566,green
8567,group
8568,guide
8569,happy
8570,heart
8571,horse
8572,house
8573,jelly
8574,jewel
8575,judge
8576,knife
8577,laugh
8578,level
8579,light
8580,limit
8581,linen
8582,loose
8583,match
8584,metal
8585,mixed
8586,money
8587,month
8588,mouth
8589,music
8590,nerve
8591,night
8592,noise
8593,north
8594,offer
8595,order
8596,other
8597,owner
8598,paint
8599,paper
8600,paste
8601,peace
8602,place
8603,plane
8604,plant
8605,plate
8606,point
8607,power
8608,price
8609,print
8610,prose
8611,quick
8612,quiet
8613,quite
8614,range
8615,ready
8616,right
8617,river
8618,rough
8619,round
8620,scale
8621,screw
8622,sense
8623,shade
8624,shake
8625,shame
8626,sharp
8627,sheep
8628,shelf
8629,shirt
8630,shock
8631,short
8632,skirt
8633,sleep
8634,slope
8635,small
8636,smash
8637,smell
8638,smile
8639,smoke
8640,snake
8641,solid
8642,sound
8643,south
8644,space
8645,spade
8646,spoon
8647,stage
8648,stamp
8649,start
8650,steam
8651,steel
8652,stick
8653,stiff
8654,still
8655,stone
8656,store
8657,story
8658,sugar
8659,sweet
8660,table
8661,taste
8662,there
8663,thick
8664,thing
8665,thumb
8666,tight
8667,tired
8668,tooth
8669,touch
8670,trade
8671,train
8672,trick
8673,twist
8674,under
8675,value
8676,verse
8677,voice
8678,waste
8679,watch
8680,water
8681,wheel
8682,where
8683,while
8684,white
8685,woman
8686,wound
8687,wrong
8688,young
